-1,0,0,0,0,0,0,0,0,0,0,0,0,0
-1,0,15,30,45,60,75,90,105,120,135,150,165,180
2,-1,-1,-1,-1,20.7430008,6.836823403,3.61358361,6.255500972,21.06978344,-1,-1,-1,-1
2.05,-1,-1,-1,-1,19.29891286,6.218824619,3.204554526,5.618056827,19.33465249,-1,-1,-1,-1
2.1,-1,-1,-1,-1,17.89506128,5.643838819,2.832275159,5.030963109,17.69116036,-1,-1,-1,-1
2.15,-1,-1,-1,-1,16.53901659,5.110443218,2.49444968,4.49171012,16.14194367,-1,-1,-1,-1
2.2,-1,-1,-1,-1,15.23557818,4.617002497,2.188777189,3.99772432,14.68825537,-1,-1,-1,-1
2.25,-1,-1,-1,-1,13.99485718,4.161734617,1.912973752,3.546406202,13.33007673,-1,-1,-1,-1
2.3,-1,-1,-1,-1,12.82406661,3.742775248,1.66480396,3.135163248,12.06623803,-1,-1,-1,-1
2.35,-1,-1,-1,-1,11.72525157,3.358216875,1.442110481,2.761430715,10.8945972,-1,-1,-1,-1
2.4,-1,-1,-1,-1,10.69821632,3.006126348,1.242833355,2.422693418,9.812221866,-1,-1,-1,-1
2.45,-1,-1,-1,-1,9.741603176,2.684557837,1.065018142,2.116512011,8.815533146,-1,-1,-1,-1
2.5,-1,-1,-1,-1,8.853299638,2.391565789,0.906814644,1.840546365,7.900596899,-1,-1,-1,-1
2.55,-1,-1,-1,-1,8.030869042,2.125220492,0.766470358,1.59256427,7.063063542,-1,-1,-1,-1
2.6,-1,-1,-1,-1,7.271239491,1.883630329,0.642329443,1.370429973,6.298395504,-1,-1,-1,-1
2.65,-1,-1,-1,-1,6.571205675,1.664964845,0.532841975,1.172080157,5.601975306,-1,-1,-1,-1
2.7,-1,-1,-1,-1,5.927473901,1.467471074,0.436576795,0.995508216,4.969209468,-1,-1,-1,-1
2.75,-1,-1,-1,-1,5.33674976,1.289486473,0.352226155,0.838772873,4.39558382,-1,-1,-1,-1
2.8,-1,-1,-1,-1,4.795784327,1.12944821,0.278595178,0.700186556,3.876692208,-1,-1,-1,-1
2.85,-1,-1,-1,-1,4.301391971,0.986038279,0.214582998,0.577641282,3.408286112,-1,-1,-1,-1
2.9,-1,-1,-1,-1,3.850464773,0.857502025,0.159171407,0.469775618,2.986328545,-1,-1,-1,-1
2.95,-1,-1,-1,-1,3.439988817,0.742707023,0.111422841,0.375178468,2.60703749,-1,-1,-1,-1
3,-1,-1,42.63448534,12.17979978,3.067065052,0.640407695,0.070479269,0.292539066,2.266889469,11.48073291,49.01036613,-1,-1
3.05,-1,-1,38.07162878,10.92475043,2.72891903,0.549447264,0.035559854,0.220631175,1.962591948,10.13920002,43.31988283,-1,-1
3.1,-1,-1,33.97557966,9.783499536,2.422899984,0.468759262,0.005955828,0.158303115,1.691057417,8.936242038,38.18568152,-1,-1
3.15,-1,-1,30.31301395,8.74809945,2.146493955,0.39736552,-0.018978426,0.104491776,1.449384471,7.859742192,33.59177819,-1,-1
3.2,-1,-1,27.04204062,7.810440582,1.897316069,0.334369741,-0.039955889,0.058239043,1.234856409,6.898180637,29.4946426,-1,-1
3.25,-1,-1,24.10104469,6.962656642,1.673112173,0.278946573,-0.057263032,0.01867201,1.044939736,6.040704011,25.85048787,-1,-1
3.3,-1,-1,21.43672341,6.197276961,1.471775228,0.230322992,-0.071464381,-0.014987843,0.877274341,5.277196389,22.61742892,-1,-1
3.35,-1,-1,19.03131255,5.50729015,1.291340377,0.187771951,-0.082973915,-0.043391778,0.72967741,4.598332747,19.75586723,-1,-1
3.4,-1,-1,16.86979752,4.886162337,1.129964346,0.150627369,-0.09216731,-0.067104104,0.600128296,3.99558167,17.22858447,-1,-1
3.45,-1,-1,14.93457894,4.327828937,0.985921424,0.118292895,-0.099382305,-0.086672537,0.486752542,3.46118076,15.00095624,-1,-1
3.5,-1,-1,13.20677231,3.826674069,0.857605638,0.090244862,-0.10490819,-0.102642345,0.387850369,2.988089721,13.04103515,-1,-1
3.55,-1,-1,11.66695035,3.377508695,0.743527504,0.06602391,-0.108984533,-0.115515542,0.301891663,2.569944742,11.31948856,-1,-1
3.6,-1,-1,10.29630091,2.975545367,0.642319285,0.04521884,-0.111823969,-0.125710408,0.227474596,2.201006603,9.809510517,-1,-1
3.65,-1,-1,9.077305667,2.616371814,0.552736993,0.027448962,-0.113618513,-0.133573116,0.163306492,1.876103955,8.486757141,-1,-1
3.7,-1,-1,7.993970618,2.295928503,0.47364448,0.012350194,-0.114531957,-0.139415835,0.108196887,1.590575047,7.329218308,-1,-1
3.75,-1,-1,7.031832556,2.010489558,0.403995083,-0.000430435,-0.114706509,-0.143537984,0.061059732,1.340210096,6.317085383,-1,-1
3.8,-1,-1,6.177888106,1.756645139,0.342817773,-0.011223041,-0.114268229,-0.14618932,0.020929173,1.121200646,5.432657671,-1,-1
3.85,-1,-1,5.420492438,1.531281424,0.289210006,-0.020311543,-0.113325781,-0.147563666,-0.013031015,0.930098972,4.660257365,-1,-1
3.9,-1,-1,4.749240455,1.331559199,0.242338383,-0.027930687,-0.111971829,-0.147849414,-0.04154434,0.76378829,3.986098251,-1,-1
3.95,-1,-1,4.154843296,1.154889232,0.201445556,-0.034272926,-0.110284691,-0.147234386,-0.065248332,0.619459983,3.398113942,-1,-1
4,11.87808195,8.626323173,3.629009714,0.998906488,0.165856583,-0.039498418,-0.108325054,-0.145888227,-0.084724403,0.494591014,2.885765424,8.27851472,12.09224868
4.05,10.31782352,7.515501864,3.164333031,0.861450959,0.134978428,-0.043749554,-0.106146755,-0.143947052,-0.100518058,0.386919089,2.43984174,7.062683268,10.3100825
4.1,8.960091222,6.542267095,2.754183814,0.740557389,0.108290022,-0.047149532,-0.103793806,-0.141514955,-0.113138297,0.294415745,2.052281519,6.013476877,8.778563237
4.15,7.777582849,5.689453874,2.392616273,0.634446368,0.085326653,-0.049804079,-0.101284136,-0.138684924,-0.123043704,0.215255341,1.716017937,5.108108284,7.462731607
4.2,6.746951902,4.942210347,2.074294252,0.541510431,0.065662793,-0.051814133,-0.098642425,-0.135546733,-0.130633725,0.147784972,1.424842734,4.326915966,6.332260899
4.25,5.848209101,4.287653941,1.794433855,0.460295951,0.048896536,-0.053282224,-0.095925081,-0.132178373,-0.136247105,0.090508583,1.17328724,3.65303102,5.360940424
4.3,5.064228839,3.71456637,1.548752095,0.389486891,0.034641828,-0.054293966,-0.093182613,-0.128639515,-0.140160416,0.042089082,0.956510128,3.071985293,4.52626465
4.35,4.38030433,3.213137673,1.333413726,0.32789316,0.022535669,-0.054906487,-0.090439851,-0.12497098,-0.142596468,0.001359161,0.770199567,2.571340893,3.809005717
4.4,3.783761967,2.774753158,1.144976727,0.274440255,0.012257128,-0.055177018,-0.087724136,-0.121216009,-0.143751381,-0.032676414,0.610508634,2.140379607,3.192772578
4.45,3.263640844,2.391812304,0.980346315,0.228158847,0.003543502,-0.055171447,-0.085046649,-0.117433983,-0.143822606,-0.060859349,0.474030811,1.769851232,2.663598603
4.5,2.810424316,2.057592226,0.836745375,0.188177898,-0.003811058,-0.054932275,-0.082391085,-0.113679916,-0.143010451,-0.083917731,0.357784381,1.451798044,2.209576026
4.55,2.415815113,1.766177035,0.711695682,0.153725035,-0.009972249,-0.054466905,-0.079739672,-0.109974996,-0.141497016,-0.1025113,0.259168874,1.179388213,1.820526236
4.6,2.072551779,1.512403009,0.603004715,0.124128267,-0.015081912,-0.053772174,-0.07708473,-0.106311338,-0.139429201,-0.117258931,0.175895113,0.94671002,1.487716928
4.65,1.774260829,1.291751393,0.508745581,0.098808087,-0.019272946,-0.052869749,-0.074422539,-0.102680715,-0.136915749,-0.128737513,0.105923306,0.748565349,1.203618749
4.7,1.515341704,1.100221386,0.427219656,0.077253275,-0.022688716,-0.051799059,-0.071771927,-0.099087564,-0.134037143,-0.137461293,0.047432134,0.580338787,0.961698617
4.75,1.290874547,0.934251189,0.356906667,0.058990076,-0.025479265,-0.050601169,-0.069150291,-0.095551659,-0.130863696,-0.143860734,-0.001190983,0.437945447,0.756252065
4.8,1.096539614,0.790675093,0.296426986,0.043565126,-0.027761416,-0.04933035,-0.066568947,-0.092109486,-0.127468427,-0.148280668,-0.041351447,0.317831297,0.58228736
4.85,0.92854269,0.666673289,0.244531001,0.030554474,-0.029589254,-0.048038432,-0.064057557,-0.088791533,-0.123926082,-0.151000676,-0.074246427,0.216973925,0.435457151
4.9,0.783549652,0.559741729,0.200103257,0.019587339,-0.030980296,-0.046739655,-0.061637924,-0.085605616,-0.120303486,-0.152264901,-0.100878345,0.132762183,0.312001434
4.95,0.658629721,0.467695099,0.16215754,0.010361431,-0.031968737,-0.045415476,-0.059303871,-0.082544191,-0.116645198,-0.152304129,-0.122094353,0.062844084,0.208673626
5,0.551214135,0.388657678,0.129830335,0.002635428,-0.032620666,-0.044044474,-0.057044536,-0.079582457,-0.112972444,-0.151339735,-0.138642455,0.005112713,0.122649598
5.05,0.459057374,0.321027538,0.102387249,-0.003797706,-0.032998869,-0.042619215,-0.054853963,-0.076685876,-0.109307275,-0.149574607,-0.15122333,-0.042251522,0.051444497
5.1,0.380193741,0.263378449,0.079209135,-0.00913009,-0.033142023,-0.041148345,-0.052728477,-0.073840966,-0.105680479,-0.147182268,-0.160494456,-0.080801017,-0.007130262
5.15,0.312893593,0.214357998,0.059741422,-0.013535724,-0.033084193,-0.039657331,-0.050663633,-0.071063511,-0.102107375,-0.144302082,-0.167021122,-0.111842325,-0.054971154
5.2,0.255621215,0.172720222,0.043457531,-0.017156454,-0.03285323,-0.038165103,-0.048654316,-0.068372824,-0.098584115,-0.141044685,-0.171249596,-0.136392442,-0.093679312
5.25,0.2070072,0.137416962,0.029870821,-0.02009919,-0.032457844,-0.036695357,-0.046703468,-0.06577626,-0.095114788,-0.137501868,-0.173540801,-0.155308539,-0.12458897
5.3,0.165845382,0.107609922,0.018562631,-0.022449244,-0.031920269,-0.035264515,-0.044824672,-0.063276437,-0.091721652,-0.133747574,-0.174206234,-0.169498231,-0.148824122
5.35,0.131091822,0.082604014,0.009175956,-0.024286723,-0.03127687,-0.033876347,-0.043026763,-0.060865853,-0.088424939,-0.129832936,-0.173522505,-0.179863698,-0.167368262
5.4,0.101858014,0.061748505,0.001393243,-0.025698277,-0.030558245,-0.032537931,-0.041312458,-0.058532757,-0.08523708,-0.12579957,-0.171744792,-0.187073207,-0.181117986
5.45,0.077386048,0.044375162,-0.005053831,-0.026759902,-0.029798662,-0.031240826,-0.039677073,-0.056265641,-0.082165953,-0.121703993,-0.169100684,-0.191562756,-0.190889141
5.5,0.057014927,0.029901609,-0.010361474,-0.027513198,-0.029008556,-0.02999134,-0.038103228,-0.054054469,-0.079202324,-0.11760506,-0.165777951,-0.193717801,-0.197387146
5.55,0.040146939,0.017926593,-0.014679743,-0.027983546,-0.028179766,-0.028794122,-0.036574637,-0.051900094,-0.076330699,-0.113538585,-0.161926858,-0.1939785,-0.201192307
5.6,0.026234813,0.008135668,-0.018165094,-0.028184326,-0.027320535,-0.027643896,-0.035084045,-0.049814945,-0.073541853,-0.109529862,-0.157661567,-0.192768744,-0.20277695
5.65,0.014795398,0.000212823,-0.020963791,-0.028132106,-0.026433691,-0.026540762,-0.033637968,-0.047817354,-0.070825527,-0.105596661,-0.15306652,-0.190390314,-0.202522223
5.7,0.005416973,-0.006245168,-0.023178135,-0.027877592,-0.025518133,-0.025483471,-0.032241962,-0.045914768,-0.068172335,-0.101735593,-0.148222176,-0.187015414,-0.200740076
5.75,-0.002248758,-0.011568046,-0.024877426,-0.027471912,-0.024588891,-0.024472405,-0.030899497,-0.044105682,-0.06558938,-0.097947029,-0.143219262,-0.18281898,-0.197712102
5.8,-0.008490323,-0.015890821,-0.026110647,-0.026965476,-0.023657733,-0.023517173,-0.029617252,-0.042382079,-0.06309189,-0.09425805,-0.138149891,-0.178030932,-0.193712934
5.85,-0.013535192,-0.019335139,-0.026932252,-0.026394324,-0.022748141,-0.02261391,-0.028402506,-0.040728438,-0.060685677,-0.090696709,-0.133097331,-0.172876231,-0.188986675
5.9,-0.017566711,-0.022018883,-0.02741743,-0.02576174,-0.021860217,-0.02175451,-0.027258915,-0.039130672,-0.058367484,-0.087277409,-0.128117212,-0.1675115,-0.183727713
5.95,-0.020753666,-0.024053346,-0.027630938,-0.025079638,-0.020995474,-0.020933424,-0.026183119,-0.037580293,-0.056121849,-0.0840045,-0.123243805,-0.161962903,-0.17809033
6,-0.023237861,-0.02559489,-0.027602363,-0.024362682,-0.020167126,-0.020156387,-0.025162292,-0.036073969,-0.053930051,-0.080862526,-0.118499532,-0.156222739,-0.172201654
6.05,-0.025121872,-0.026782346,-0.02738151,-0.023617116,-0.019373032,-0.019418215,-0.024182704,-0.034615021,-0.051787923,-0.07783238,-0.113888797,-0.150374849,-0.166165444
6.1,-0.026499193,-0.027611555,-0.02700625,-0.022859134,-0.018610979,-0.018714285,-0.023238396,-0.033209363,-0.049702995,-0.074896487,-0.109411645,-0.144573494,-0.160062014
6.15,-0.027474437,-0.028048877,-0.026506633,-0.022086884,-0.017880549,-0.018035493,-0.022331306,-0.031862504,-0.04769011,-0.072029752,-0.105061619,-0.138936832,-0.153955187
6.2,-0.028114661,-0.028168862,-0.025914414,-0.021294296,-0.017175548,-0.017375822,-0.021468637,-0.030575963,-0.045761846,-0.069216843,-0.100828886,-0.133484286,-0.147899923
6.25,-0.028451108,-0.028055872,-0.02526105,-0.020482,-0.016497098,-0.016735506,-0.020655323,-0.029345972,-0.043924243,-0.066467243,-0.096718019,-0.128183138,-0.141936728
6.3,-0.028513879,-0.027795957,-0.024575909,-0.019670421,-0.015847769,-0.01611622,-0.019892457,-0.02816982,-0.042175564,-0.063798718,-0.09274787,-0.122981763,-0.136097662
6.35,-0.028328485,-0.027429209,-0.023835415,-0.018869806,-0.015231681,-0.015520999,-0.019172339,-0.027048271,-0.040503543,-0.061227638,-0.088936639,-0.117880278,-0.130421826
6.4,-0.027946969,-0.02694467,-0.023032344,-0.018073818,-0.014644313,-0.014953772,-0.018485274,-0.025978546,-0.03889289,-0.058759651,-0.085286166,-0.112896966,-0.124941112
6.45,-0.027416944,-0.026318179,-0.022180855,-0.017296583,-0.014083532,-0.014414851,-0.017829269,-0.024954124,-0.037331266,-0.056383904,-0.081786368,-0.108057227,-0.119654093
6.5,-0.026760987,-0.025551925,-0.021307303,-0.016547169,-0.01354736,-0.013903859,-0.017206299,-0.02396821,-0.035812109,-0.054085222,-0.078425628,-0.103410837,-0.114542694
6.55,-0.026021492,-0.024695925,-0.020425242,-0.015823197,-0.013034915,-0.01341982,-0.016615268,-0.023016778,-0.034338184,-0.051855153,-0.075183277,-0.098984685,-0.109597614
6.6,-0.025234381,-0.023761192,-0.01953352,-0.015124653,-0.012541637,-0.012961246,-0.016047898,-0.022100672,-0.032916017,-0.049690824,-0.072047246,-0.094772283,-0.104820718
6.65,-0.024390131,-0.022812255,-0.018652516,-0.014443073,-0.012070612,-0.012528797,-0.015500068,-0.02122668,-0.031554109,-0.047591881,-0.069022342,-0.090734735,-0.10022849
6.7,-0.023496098,-0.021909665,-0.017805184,-0.013780527,-0.011620696,-0.012120456,-0.014970461,-0.020402256,-0.030262232,-0.045569779,-0.066111404,-0.086846095,-0.095837945
6.75,-0.022580997,-0.021040252,-0.016993627,-0.013148647,-0.0111921,-0.011732732,-0.014457878,-0.019630984,-0.02904547,-0.043642389,-0.063324109,-0.083103194,-0.091645694
6.8,-0.021662825,-0.020170222,-0.016207678,-0.012554056,-0.01078651,-0.011363664,-0.013962046,-0.018910028,-0.027896908,-0.041820185,-0.060666883,-0.079507591,-0.087641649
6.85,-0.020745038,-0.019273418,-0.015456695,-0.011999311,-0.010403288,-0.011010398,-0.013484943,-0.018232323,-0.026805126,-0.04009681,-0.058125305,-0.076057458,-0.08381347
6.9,-0.019826079,-0.018369678,-0.014750824,-0.011479873,-0.010042161,-0.010669441,-0.013028818,-0.017589727,-0.025757924,-0.038456369,-0.055680142,-0.072752706,-0.080138203
6.95,-0.018898939,-0.017481864,-0.014080761,-0.01099144,-0.009702357,-0.010339344,-0.01259472,-0.016981222,-0.024746021,-0.036883341,-0.05332139,-0.069591845,-0.076602868
7,-0.017985247,-0.016619616,-0.013433115,-0.010531065,-0.009383848,-0.010020381,-0.01218265,-0.01640757,-0.023769197,-0.035367013,-0.051042411,-0.066572028,-0.073211588
7.05,-0.017104974,-0.015792146,-0.012798213,-0.010102941,-0.009085024,-0.009713113,-0.011792999,-0.015865,-0.022830344,-0.033904359,-0.04883634,-0.063690452,-0.069965852
7.1,-0.01625535,-0.015013506,-0.012181606,-0.009703619,-0.008807235,-0.009419082,-0.011426598,-0.015343902,-0.021932251,-0.03249752,-0.046704994,-0.060939899,-0.066865591
7.15,-0.015430501,-0.01429036,-0.011593741,-0.009327164,-0.008548936,-0.009140008,-0.01108229,-0.014832201,-0.02107831,-0.031149502,-0.044663272,-0.058305698,-0.063908988
7.2,-0.014642121,-0.01361293,-0.011043318,-0.008971791,-0.008305584,-0.008875439,-0.010758234,-0.014329084,-0.020274107,-0.029861984,-0.042730251,-0.055768755,-0.061085093
7.25,-0.013903405,-0.01296578,-0.010528065,-0.008637724,-0.008075128,-0.008623134,-0.010451818,-0.013838489,-0.019524002,-0.028635351,-0.040907202,-0.053314044,-0.058378621
7.3,-0.013207977,-0.012341211,-0.010041603,-0.00832538,-0.007855547,-0.008380518,-0.010160424,-0.013365588,-0.01882663,-0.027469222,-0.039180009,-0.050938154,-0.055781324
7.35,-0.01254302,-0.011746892,-0.009585038,-0.00803171,-0.007646377,-0.008144752,-0.009880044,-0.012912983,-0.018176471,-0.02635906,-0.037531908,-0.048650702,-0.053289778
7.4,-0.011906866,-0.011181056,-0.009160435,-0.007752932,-0.007444985,-0.007916625,-0.009604696,-0.012480099,-0.017565551,-0.025293861,-0.035951485,-0.046468811,-0.050906138
7.45,-0.011299933,-0.010635612,-0.008772899,-0.007489104,-0.00725067,-0.00769833,-0.00933346,-0.012065367,-0.016985495,-0.024264275,-0.034433169,-0.044396515,-0.048630588
7.5,-0.010728219,-0.010111817,-0.008417697,-0.007237482,-0.007063147,-0.007490202,-0.009069954,-0.011668072,-0.016431021,-0.023269494,-0.032976707,-0.0424255,-0.04645551
7.55,-0.010201683,-0.009616937,-0.008090395,-0.006998072,-0.00688205,-0.007290744,-0.008816796,-0.01129,-0.015896774,-0.022313413,-0.03158532,-0.040544671,-0.044370159
7.6,-0.009712722,-0.009150277,-0.007789459,-0.006769458,-0.0067069,-0.007098519,-0.008573805,-0.010933563,-0.015380327,-0.021399076,-0.030260316,-0.038748116,-0.042370249
7.65,-0.009251271,-0.008713616,-0.007513571,-0.006548833,-0.00653714,-0.00691328,-0.008340283,-0.010599684,-0.014873279,-0.020531476,-0.028999469,-0.037036357,-0.040454861
7.7,-0.008813158,-0.008307841,-0.00725855,-0.006335611,-0.006372491,-0.006734601,-0.008115112,-0.010288535,-0.014371187,-0.019716636,-0.027800154,-0.035406702,-0.038622511
7.75,-0.008399647,-0.007935884,-0.00701821,-0.006129061,-0.006211373,-0.006562447,-0.007897399,-0.009996435,-0.013876054,-0.018957144,-0.026657769,-0.033853724,-0.036873492
7.8,-0.008014212,-0.007594638,-0.006789399,-0.005930488,-0.006053096,-0.006395929,-0.007685711,-0.009717849,-0.013392354,-0.018251423,-0.025563666,-0.032371243,-0.035207539
7.85,-0.007652079,-0.00728117,-0.006568225,-0.005738786,-0.005898172,-0.006234045,-0.00747922,-0.00944644,-0.012924867,-0.017594462,-0.024510311,-0.030954548,-0.033623586
7.9,-0.007310531,-0.006994899,-0.006353577,-0.005553798,-0.005745695,-0.006074916,-0.007278204,-0.009178027,-0.012475912,-0.016977008,-0.023497217,-0.029600241,-0.032121007
7.95,-0.006990636,-0.006731454,-0.006145596,-0.005376166,-0.005595506,-0.005919634,-0.00708394,-0.008913942,-0.012045465,-0.016391056,-0.022525185,-0.028309894,-0.030699892
8,-0.006693246,-0.006484304,-0.005942003,-0.005206879,-0.00544716,-0.005769367,-0.006897303,-0.008657826,-0.01163228,-0.015830218,-0.021595073,-0.027092361,-0.029356421
8.05,-0.006414651,-0.006252515,-0.005740392,-0.005046898,-0.005300541,-0.005623623,-0.006718516,-0.008410795,-0.011236946,-0.015292213,-0.020710613,-0.025952534,-0.028085088
8.1,-0.006153217,-0.006034401,-0.00554045,-0.004896319,-0.005155821,-0.005482001,-0.006547437,-0.008172509,-0.010861711,-0.014773715,-0.019877076,-0.024885752,-0.026885326
8.15,-0.005911282,-0.005825581,-0.005343405,-0.004755483,-0.005013099,-0.005344059,-0.006382704,-0.007942541,-0.01050788,-0.014269853,-0.019096032,-0.02388106,-0.025758063
8.2,-0.005686546,-0.005623543,-0.005150922,-0.004623445,-0.00487288,-0.005209712,-0.006222289,-0.007720569,-0.010176834,-0.013777827,-0.01836798,-0.022926821,-0.024699417
8.25,-0.005477142,-0.005425514,-0.004963483,-0.004499486,-0.004735688,-0.005079312,-0.006064851,-0.007506026,-0.009866522,-0.013299429,-0.017688489,-0.022015476,-0.02370319
8.3,-0.005280258,-0.005232169,-0.00478315,-0.004383563,-0.004601905,-0.004952357,-0.005910323,-0.007297162,-0.009570566,-0.012837694,-0.017048374,-0.021143613,-0.022760383
8.35,-0.005091888,-0.005045897,-0.004612242,-0.004274602,-0.004471713,-0.004828072,-0.005759578,-0.007092649,-0.009283119,-0.012396605,-0.016440225,-0.020309495,-0.021863083
8.4,-0.004912716,-0.004866279,-0.004452387,-0.004171626,-0.004345457,-0.004706338,-0.005613356,-0.006892571,-0.009001321,-0.011978726,-0.01586162,-0.019514631,-0.02100483
8.45,-0.004743105,-0.004693678,-0.004304259,-0.00407343,-0.004223135,-0.004587709,-0.005471488,-0.006699059,-0.008726876,-0.011583053,-0.015308374,-0.018761234,-0.0201842
8.5,-0.004582328,-0.004529116,-0.004168359,-0.00397894,-0.004104956,-0.004472183,-0.005333399,-0.006513957,-0.00846317,-0.011208027,-0.014773002,-0.018047618,-0.019401247
8.55,-0.004429471,-0.004373829,-0.004044234,-0.003887948,-0.003991061,-0.004359661,-0.005199068,-0.006337875,-0.00821112,-0.010853625,-0.014252019,-0.017369138,-0.018654299
8.6,-0.004284685,-0.004228362,-0.003929982,-0.003799565,-0.003881684,-0.004250277,-0.005068556,-0.006170238,-0.007970055,-0.010519776,-0.013746602,-0.016724459,-0.017946382
8.65,-0.004147846,-0.004093071,-0.003825092,-0.003713552,-0.003776712,-0.004143761,-0.004941707,-0.006009704,-0.00773938,-0.010204906,-0.01326025,-0.016114537,-0.017263762
8.7,-0.00401848,-0.003968039,-0.003727954,-0.003629845,-0.003676249,-0.004040163,-0.004818326,-0.005854673,-0.007518668,-0.00990684,-0.012797102,-0.015538525,-0.016610324
8.75,-0.00389638,-0.00385251,-0.003637363,-0.003548243,-0.003579947,-0.003939601,-0.004698623,-0.005703206,-0.007307691,-0.009621173,-0.012358813,-0.014988916,-0.015989382
8.8,-0.003781333,-0.003745285,-0.003551562,-0.003468516,-0.003488097,-0.003842062,-0.004582161,-0.005555563,-0.00710505,-0.009342272,-0.011944438,-0.014461126,-0.015401907
8.85,-0.003672202,-0.003645691,-0.003469679,-0.003390396,-0.003400649,-0.003747733,-0.004468757,-0.005412855,-0.006908946,-0.009067703,-0.011552531,-0.013951238,-0.014843489
8.9,-0.003568373,-0.003552641,-0.003390682,-0.003313506,-0.003317318,-0.003656644,-0.004358053,-0.005275189,-0.006718101,-0.008797702,-0.011181314,-0.013461532,-0.014309817
8.95,-0.003468991,-0.003465391,-0.003314208,-0.003237838,-0.003238014,-0.003568773,-0.004250374,-0.005142435,-0.006534324,-0.008534846,-0.010828842,-0.01299589,-0.013797388
9,-0.003373768,-0.003383432,-0.003239783,-0.003163242,-0.003162435,-0.003484069,-0.004145758,-0.005014557,-0.006360237,-0.00828108,-0.010492962,-0.012557734,-0.013307473
9.05,-0.003282296,-0.003305745,-0.00316711,-0.003089729,-0.00309039,-0.003402546,-0.004044121,-0.004891438,-0.006195935,-0.008036247,-0.010173288,-0.012146811,-0.012843735
9.1,-0.003194416,-0.00323212,-0.003095836,-0.003017275,-0.003021665,-0.003324339,-0.003945461,-0.004772988,-0.006039885,-0.007799942,-0.009868421,-0.011759595,-0.012408208
9.15,-0.003109905,-0.003161635,-0.003025721,-0.002945767,-0.002956074,-0.003249235,-0.003849706,-0.004659106,-0.005890773,-0.007571886,-0.009575358,-0.011391681,-0.011996092
9.2,-0.003028702,-0.003093739,-0.002956653,-0.002875295,-0.002893429,-0.003177274,-0.003756542,-0.004549607,-0.005746742,-0.007352016,-0.00928986,-0.011040305,-0.011603819
9.25,-0.002950625,-0.003028089,-0.002888674,-0.002805887,-0.002833507,-0.003108363,-0.003665948,-0.004444661,-0.005605872,-0.007138741,-0.009008868,-0.010702558,-0.011228015
9.3,-0.002875534,-0.002964461,-0.002821752,-0.002737822,-0.002776185,-0.003042411,-0.003577908,-0.004343882,-0.005468527,-0.006930813,-0.008734128,-0.010377159,-0.010866013
9.35,-0.00280333,-0.002902594,-0.002755946,-0.002671165,-0.002721235,-0.002979341,-0.003492383,-0.00424703,-0.005335083,-0.006728708,-0.008469657,-0.010062204,-0.010516596
9.4,-0.002733897,-0.002842321,-0.002691387,-0.002606087,-0.002668445,-0.002918996,-0.003409484,-0.004153538,-0.005205323,-0.006534853,-0.008216936,-0.009757781,-0.010180953
9.45,-0.002667132,-0.002783466,-0.00262834,-0.002542778,-0.002617565,-0.002861227,-0.003329166,-0.004063516,-0.005079064,-0.006350952,-0.007975458,-0.009464505,-0.009860384
9.5,-0.002602941,-0.002725927,-0.002566908,-0.002481383,-0.002568443,-0.002805894,-0.003251334,-0.003976932,-0.004956204,-0.006177608,-0.007743422,-0.00918228,-0.009555415
9.55,-0.002541178,-0.002669645,-0.002507288,-0.0024221,-0.002520806,-0.00275296,-0.003175947,-0.003893687,-0.00483657,-0.006013997,-0.007518676,-0.008910456,-0.009265161
9.6,-0.002481699,-0.002614609,-0.00244965,-0.00236512,-0.00247453,-0.002702336,-0.003102951,-0.003813737,-0.004720004,-0.005858594,-0.007300106,-0.008646795,-0.00898657
9.65,-0.002424347,-0.002560759,-0.002394018,-0.002310707,-0.00242948,-0.002653828,-0.003032325,-0.003736813,-0.004606384,-0.005709268,-0.007089709,-0.008388752,-0.008715597
9.7,-0.002368953,-0.002508061,-0.002340412,-0.002258976,-0.002385467,-0.002607438,-0.002963958,-0.003662366,-0.004495518,-0.005564252,-0.006888656,-0.0081372,-0.008450895
9.75,-0.002315437,-0.002456339,-0.002288914,-0.002210095,-0.002342344,-0.002563023,-0.002897793,-0.003590229,-0.004387577,-0.005424499,-0.006697158,-0.00789423,-0.008192503
9.8,-0.002263742,-0.002405362,-0.002239573,-0.002164143,-0.002299992,-0.002520498,-0.002833677,-0.003520392,-0.004282154,-0.005290795,-0.006515245,-0.007660399,-0.007943824
9.85,-0.002213753,-0.002355243,-0.002192417,-0.002121158,-0.002258238,-0.002479758,-0.002771609,-0.003452674,-0.004179122,-0.005162848,-0.006342435,-0.007436752,-0.007706077
9.9,-0.002165527,-0.002305608,-0.002147447,-0.002081115,-0.00221697,-0.002440657,-0.002711513,-0.003387017,-0.004078113,-0.0050404,-0.006177466,-0.007223101,-0.0074793
9.95,-0.00211881,-0.002256652,-0.002104651,-0.002043967,-0.002176103,-0.002403203,-0.002653329,-0.003323271,-0.003979245,-0.004923187,-0.006019043,-0.007017646,-0.007262712
10,-0.002073445,-0.002208294,-0.00206402,-0.002009609,-0.002135615,-0.00236714,-0.002596953,-0.003261344,-0.003882722,-0.004810884,-0.005866085,-0.006819671,-0.007055543
10.05,-0.002029302,-0.00216065,-0.00202551,-0.001977908,-0.00209544,-0.002332392,-0.002542324,-0.00320109,-0.003788564,-0.0047032,-0.005717943,-0.006628133,-0.00685655
10.1,-0.00198632,-0.002113844,-0.001989042,-0.001948711,-0.002055576,-0.002298851,-0.002489316,-0.00314247,-0.003696768,-0.004599811,-0.005573935,-0.006442206,-0.006663304
10.15,-0.001944469,-0.002067949,-0.001954521,-0.001921848,-0.002016039,-0.002266381,-0.002437979,-0.003085137,-0.003607184,-0.004500664,-0.005434035,-0.006261808,-0.006476286
10.2,-0.001903708,-0.002023018,-0.001921821,-0.001897108,-0.00197686,-0.002234878,-0.002388244,-0.003029217,-0.003519479,-0.004405165,-0.005298921,-0.006086897,-0.00629468
10.25,-0.001864028,-0.001979054,-0.001890776,-0.001874226,-0.001938065,-0.002204205,-0.002340005,-0.002974522,-0.003433725,-0.004312943,-0.005168406,-0.005917064,-0.006118697
10.3,-0.001825428,-0.001936067,-0.001861226,-0.001852939,-0.00189969,-0.002174259,-0.002293237,-0.002920853,-0.003349959,-0.004223385,-0.005042131,-0.005752667,-0.005948419
10.35,-0.001787909,-0.001894092,-0.001833003,-0.001833003,-0.001861779,-0.002144905,-0.002247847,-0.002868237,-0.003268186,-0.004136515,-0.004919862,-0.005594093,-0.005784035
10.4,-0.001751458,-0.001853174,-0.001805972,-0.001814207,-0.001824359,-0.002116059,-0.002203934,-0.002816535,-0.003188463,-0.004052186,-0.004801428,-0.005440985,-0.00562535
10.45,-0.001716074,-0.001813369,-0.001779978,-0.001796322,-0.001787483,-0.002087591,-0.002161292,-0.002765677,-0.00311081,-0.003970195,-0.004686633,-0.005292894,-0.005471774
10.5,-0.00168173,-0.001774719,-0.001754902,-0.001779155,-0.001751169,-0.002059427,-0.002119959,-0.002715604,-0.003035233,-0.003890567,-0.004575391,-0.005149704,-0.005323307
10.55,-0.001648404,-0.001737243,-0.001730582,-0.001762528,-0.001715448,-0.002031487,-0.002079862,-0.002666286,-0.002961733,-0.003812949,-0.004466708,-0.00501051,-0.005179413
10.6,-0.001616061,-0.001700951,-0.001706847,-0.001746295,-0.001680344,-0.002003719,-0.002040957,-0.002617584,-0.002890288,-0.003736882,-0.004361002,-0.004876111,-0.005040021
10.65,-0.001584687,-0.001665818,-0.001683544,-0.001730317,-0.001645893,-0.001976041,-0.002003237,-0.002569601,-0.002820937,-0.003662194,-0.004258174,-0.00474676,-0.004905333
10.7,-0.001554256,-0.001631792,-0.001660541,-0.001714471,-0.001612117,-0.001948446,-0.001966629,-0.002522257,-0.002753636,-0.003588812,-0.004158044,-0.004621288,-0.004774281
10.75,-0.001524726,-0.001598809,-0.001637742,-0.00169864,-0.001579038,-0.001920895,-0.001931096,-0.002475533,-0.002688306,-0.0035166,-0.00406073,-0.004499723,-0.004647463
10.8,-0.001496054,-0.001566817,-0.001615074,-0.001682733,-0.00154666,-0.001893346,-0.001896571,-0.002429413,-0.002624968,-0.00344558,-0.00396578,-0.004382635,-0.004524966
10.85,-0.001468161,-0.001535747,-0.001592477,-0.001666661,-0.001514995,-0.001865824,-0.001863054,-0.00238384,-0.002563589,-0.00337566,-0.003872934,-0.004269275,-0.004406735
10.9,-0.001440958,-0.001505578,-0.001569911,-0.001650338,-0.001484046,-0.001838308,-0.001830471,-0.002338951,-0.00250413,-0.003306799,-0.003782167,-0.004160033,-0.004292402
10.95,-0.001414373,-0.001476318,-0.001547345,-0.001633686,-0.001453835,-0.001810791,-0.001798793,-0.002294581,-0.002446577,-0.003238906,-0.003693443,-0.004054249,-0.004181529
11,-0.00138835,-0.001447944,-0.001524774,-0.001616645,-0.001424367,-0.00178329,-0.001767981,-0.002250808,-0.002390894,-0.003172004,-0.003606749,-0.003951714,-0.004073914
11.05,-0.001362856,-0.001420433,-0.001502181,-0.00159916,-0.001395657,-0.001755807,-0.001737998,-0.002207603,-0.002337093,-0.003105846,-0.00352237,-0.003852475,-0.003969408
11.1,-0.001337872,-0.001393748,-0.00147959,-0.001581188,-0.00136772,-0.001728334,-0.001708798,-0.002164947,-0.002285052,-0.0030406,-0.003439852,-0.003756418,-0.003867972
11.15,-0.00131339,-0.001367852,-0.001457002,-0.001562679,-0.001340579,-0.001700908,-0.001680347,-0.002122839,-0.002234892,-0.002976161,-0.003359237,-0.003663474,-0.003769833
11.2,-0.001289403,-0.001342715,-0.001434435,-0.001543602,-0.001314252,-0.00167353,-0.001652585,-0.002081275,-0.002186521,-0.002912422,-0.003280651,-0.003573458,-0.003674494
11.25,-0.001265909,-0.001318332,-0.001411908,-0.001523921,-0.001288762,-0.001646213,-0.001625476,-0.002040257,-0.002139889,-0.002849473,-0.003203635,-0.003486504,-0.003582038
11.3,-0.001242917,-0.0012947,-0.00138944,-0.001503615,-0.001264131,-0.001618972,-0.001598986,-0.001999763,-0.00209499,-0.002787233,-0.003128598,-0.00340228,-0.003492335
11.35,-0.001220432,-0.001271825,-0.001367037,-0.001482682,-0.001240374,-0.001591801,-0.001573083,-0.001959843,-0.00205175,-0.002725752,-0.003055474,-0.00332083,-0.00340539
11.4,-0.001198462,-0.001249718,-0.001344712,-0.001461111,-0.001217499,-0.001564737,-0.001547745,-0.001920438,-0.002010239,-0.00266501,-0.002984005,-0.003242063,-0.003321105
11.45,-0.001177026,-0.001228373,-0.001322469,-0.001438913,-0.001195524,-0.001537775,-0.001522938,-0.001881575,-0.001970267,-0.002605059,-0.002914379,-0.00316595,-0.003239598
11.5,-0.001156129,-0.001207788,-0.001300304,-0.001416116,-0.00117444,-0.001510913,-0.001498625,-0.001843267,-0.00193186,-0.002545863,-0.00284639,-0.003092333,-0.003160336
11.55,-0.001135767,-0.00118795,-0.001278226,-0.00139276,-0.001154244,-0.001484177,-0.001474773,-0.001805513,-0.001894923,-0.002487561,-0.00278013,-0.003021223,-0.003083801
11.6,-0.001115949,-0.001168842,-0.001256231,-0.001368891,-0.001134921,-0.001457575,-0.001451367,-0.001768311,-0.001859377,-0.002430145,-0.002715459,-0.002952284,-0.003009733
11.65,-0.001096678,-0.001150431,-0.001234323,-0.001344567,-0.001116467,-0.001431118,-0.001428403,-0.001731674,-0.001825212,-0.002373667,-0.002652416,-0.002885716,-0.00293783
11.7,-0.001077934,-0.001132669,-0.001212513,-0.001319854,-0.00109886,-0.001404816,-0.00140585,-0.001695608,-0.001792307,-0.002318191,-0.002591036,-0.002821262,-0.002868177
11.75,-0.0010597,-0.001115513,-0.001190825,-0.001294824,-0.001082069,-0.001378693,-0.001383691,-0.001660138,-0.001760612,-0.002263736,-0.00253126,-0.002758833,-0.002800775
11.8,-0.001041952,-0.001098913,-0.001169287,-0.001269555,-0.001066066,-0.001352757,-0.001361903,-0.001625271,-0.001730046,-0.00221049,-0.002473084,-0.00269839,-0.002735401
11.85,-0.001024656,-0.00108283,-0.001147922,-0.001244122,-0.001050819,-0.001327023,-0.001340489,-0.001591014,-0.001700542,-0.002158346,-0.002416443,-0.002639841,-0.002672017
11.9,-0.001007774,-0.001067227,-0.001126761,-0.001218607,-0.001036282,-0.0013015,-0.001319446,-0.001557381,-0.001672034,-0.002107416,-0.002361364,-0.002583085,-0.002610557
11.95,-0.000991267,-0.001052071,-0.001105827,-0.001193095,-0.001022417,-0.001276212,-0.001298749,-0.001524393,-0.001644448,-0.002057732,-0.00230779,-0.00252801,-0.002550734
12,-0.000975102,-0.001037318,-0.001085143,-0.001167657,-0.001009174,-0.001251164,-0.00127839,-0.001492071,-0.001617738,-0.002009292,-0.002255735,-0.002474569,-0.002492739
12.1,-0.000943689,-0.001008865,-0.001044608,-0.001117331,-0.000984377,-0.001201893,-0.001238656,-0.001429449,-0.001566668,-0.001916281,-0.002156036,-0.002372342,-0.002381721
12.2,-0.000913389,-0.000981599,-0.001005388,-0.001068191,-0.000961536,-0.001153825,-0.00120014,-0.001369539,-0.001518386,-0.001828713,-0.002062416,-0.002275683,-0.002276987
12.3,-0.000884125,-0.000955391,-0.000967738,-0.001020752,-0.000940293,-0.001107138,-0.001162806,-0.001312478,-0.001472526,-0.001746428,-0.001974656,-0.002184606,-0.00217831
12.4,-0.000855875,-0.000930191,-0.000931907,-0.000975407,-0.00092032,-0.001061991,-0.001126584,-0.00125826,-0.001428774,-0.001669466,-0.001892734,-0.002098808,-0.00208515
12.5,-0.000828653,-0.000905995,-0.000898123,-0.000932467,-0.000901318,-0.001018526,-0.001091422,-0.00120691,-0.001386861,-0.001597736,-0.00181647,-0.002017878,-0.001997351
12.6,-0.000802491,-0.000882805,-0.000866554,-0.000892161,-0.000883043,-0.000976871,-0.001057277,-0.001158366,-0.001346573,-0.0015311,-0.001745598,-0.001941493,-0.001914608
12.7,-0.000777414,-0.000860602,-0.000837325,-0.000854647,-0.000865286,-0.000937126,-0.001024106,-0.001112608,-0.001307713,-0.001469312,-0.001679749,-0.001869376,-0.001836678
12.8,-0.000753436,-0.000839345,-0.000810493,-0.000820003,-0.000847887,-0.000899372,-0.000991886,-0.001069548,-0.0012701,-0.001412155,-0.001618613,-0.001801079,-0.001763099
12.9,-0.000730548,-0.000818967,-0.000786022,-0.000788218,-0.000830716,-0.000863661,-0.000960605,-0.001029117,-0.001233596,-0.001359349,-0.001561876,-0.001736232,-0.001693543
13,-0.000708696,-0.000799381,-0.000763796,-0.000759225,-0.000813674,-0.000830029,-0.000930252,-0.000991229,-0.001198045,-0.001310644,-0.00150913,-0.001674514,-0.001627671
13.1,-0.000687799,-0.000780482,-0.000743682,-0.00073292,-0.000796681,-0.000798466,-0.000900816,-0.000955766,-0.001163345,-0.001265721,-0.001460015,-0.001615647,-0.001565157
13.2,-0.000667753,-0.000762143,-0.000725537,-0.000709167,-0.000779672,-0.000768948,-0.000872304,-0.000922663,-0.001129385,-0.0012243,-0.001414275,-0.001559418,-0.001505756
13.3,-0.000648455,-0.000744256,-0.000709189,-0.00068781,-0.000762609,-0.000741425,-0.000844738,-0.000891813,-0.001096094,-0.00118605,-0.001371633,-0.001505693,-0.001449271
13.4,-0.000629844,-0.000726751,-0.00069444,-0.000668662,-0.000745468,-0.000715835,-0.000818128,-0.000863106,-0.001063383,-0.00115063,-0.001331861,-0.001454381,-0.001395566
13.5,-0.000611856,-0.000709589,-0.000681129,-0.000651523,-0.000728235,-0.000692102,-0.000792488,-0.000836439,-0.001031216,-0.001117699,-0.001294739,-0.001405356,-0.001344501
13.6,-0.000594461,-0.000692745,-0.000669113,-0.000636175,-0.000710903,-0.000670127,-0.000767827,-0.000811694,-0.000999578,-0.001086949,-0.001260024,-0.001358516,-0.001295921
13.7,-0.000577621,-0.000676223,-0.000658262,-0.000622402,-0.000693458,-0.000649811,-0.000744161,-0.000788756,-0.000968458,-0.001058077,-0.001227479,-0.001313746,-0.001249726
13.8,-0.00056132,-0.000660032,-0.000648441,-0.000609994,-0.000675908,-0.000631053,-0.00072149,-0.000767499,-0.000937892,-0.001030801,-0.001196802,-0.001270919,-0.001205785
13.9,-0.00054556,-0.000644179,-0.000639522,-0.00059875,-0.000658264,-0.000613761,-0.000699819,-0.000747786,-0.000907899,-0.00100487,-0.001167785,-0.001229907,-0.001163946
14,-0.000530341,-0.000628677,-0.000631371,-0.000588473,-0.00064054,-0.000597843,-0.000679152,-0.000729486,-0.000878527,-0.000980077,-0.001140188,-0.00119057,-0.001124075
14.1,-0.000515662,-0.00061353,-0.000623858,-0.000578976,-0.000622751,-0.000583208,-0.000659493,-0.000712459,-0.000849822,-0.000956253,-0.001113802,-0.001152791,-0.001086017
14.2,-0.000501518,-0.000598744,-0.000616871,-0.000570077,-0.000604929,-0.000569758,-0.000640849,-0.00069657,-0.000821825,-0.000933265,-0.001088439,-0.00111645,-0.001049651
14.3,-0.000487896,-0.000584316,-0.000610291,-0.000561625,-0.000587117,-0.000557396,-0.000623221,-0.000681691,-0.000794581,-0.000911005,-0.00106395,-0.001081468,-0.001014866
14.4,-0.000474777,-0.000570242,-0.000604001,-0.000553482,-0.000569378,-0.000546026,-0.000606606,-0.0006677,-0.000768123,-0.000889391,-0.001040255,-0.00104777,-0.000981562
14.5,-0.000462144,-0.000556508,-0.000597893,-0.000545517,-0.000551777,-0.000535549,-0.000590998,-0.000654492,-0.000742483,-0.000868354,-0.001017242,-0.001015296,-0.000949655
14.6,-0.000449973,-0.000543099,-0.000591874,-0.00053762,-0.000534383,-0.000525863,-0.000576387,-0.000641968,-0.000717689,-0.000847829,-0.000994854,-0.000984011,-0.000919064
14.7,-0.000438237,-0.000529996,-0.000585858,-0.000529716,-0.000517264,-0.000516882,-0.000562753,-0.000630048,-0.000693763,-0.000827776,-0.000973031,-0.00095386,-0.000889725
14.8,-0.000426903,-0.000517178,-0.000579766,-0.000521752,-0.000500487,-0.000508519,-0.000550083,-0.000618655,-0.000670731,-0.000808146,-0.000951724,-0.000924805,-0.000861596
14.9,-0.000415944,-0.00050463,-0.000573538,-0.000513695,-0.000484114,-0.000500696,-0.000538353,-0.000607724,-0.000648613,-0.000788898,-0.000930888,-0.000896815,-0.00083462
15,-0.000405336,-0.000492337,-0.000567135,-0.000505529,-0.000468201,-0.000493337,-0.000527542,-0.000597193,-0.000627439,-0.00077,-0.000910476,-0.000869858,-0.000808747
15.1,-0.000395055,-0.000480296,-0.000560539,-0.000497243,-0.000452805,-0.000486374,-0.00051762,-0.000587008,-0.000607232,-0.000751419,-0.000890447,-0.000843893,-0.000783933
15.2,-0.000385083,-0.000468504,-0.000553736,-0.000488839,-0.000437974,-0.000479739,-0.00050856,-0.000577114,-0.00058802,-0.000733132,-0.00087076,-0.000818879,-0.000760116
15.3,-0.000375404,-0.000456964,-0.000546724,-0.000480318,-0.000423758,-0.000473371,-0.000500325,-0.00056747,-0.000569829,-0.000715124,-0.000851382,-0.000794775,-0.000737254
15.4,-0.000366012,-0.000445681,-0.000539501,-0.000471689,-0.000410202,-0.000467213,-0.00049288,-0.000558035,-0.00055268,-0.000697392,-0.000832276,-0.000771532,-0.000715297
15.5,-0.000356899,-0.000434658,-0.000532072,-0.00046296,-0.000397345,-0.000461209,-0.000486186,-0.000548774,-0.00053658,-0.00067994,-0.000813424,-0.000749112,-0.000694196
15.6,-0.00034806,-0.0004239,-0.000524442,-0.000454146,-0.000385215,-0.000455313,-0.000480206,-0.000539652,-0.000521538,-0.000662778,-0.000794813,-0.000727475,-0.000673902
15.7,-0.00033949,-0.000413408,-0.00051662,-0.000445267,-0.000373839,-0.000449485,-0.000474901,-0.000530641,-0.000507547,-0.000645924,-0.000776436,-0.000706584,-0.000654372
15.8,-0.000331183,-0.000403183,-0.000508618,-0.000436345,-0.000363233,-0.000443697,-0.000470235,-0.000521714,-0.000494603,-0.000629394,-0.000758297,-0.000686411,-0.000635564
15.9,-0.000323135,-0.000393228,-0.000500448,-0.000427401,-0.000353406,-0.000437923,-0.000466168,-0.000512848,-0.000482689,-0.000613204,-0.000740399,-0.000666929,-0.000617441
16,-0.00031534,-0.000383541,-0.000492125,-0.000418454,-0.000344359,-0.000432142,-0.000462662,-0.000504018,-0.000471786,-0.000597367,-0.000722747,-0.000648116,-0.000599966
16.1,-0.000307791,-0.000374123,-0.000483666,-0.000409524,-0.000336092,-0.000426339,-0.000459677,-0.000495208,-0.000461869,-0.000581896,-0.000705351,-0.000629948,-0.000583113
16.2,-0.00030048,-0.000364973,-0.000475084,-0.00040063,-0.000328602,-0.000420502,-0.000457175,-0.000486411,-0.000452911,-0.000566808,-0.000688218,-0.000612408,-0.000566857
16.3,-0.000293398,-0.000356088,-0.000466396,-0.000391787,-0.000321885,-0.000414614,-0.000455114,-0.000477617,-0.00044487,-0.000552112,-0.000671356,-0.000595477,-0.000551174
16.4,-0.000286535,-0.000347463,-0.000457614,-0.000383009,-0.000315931,-0.000408668,-0.000453457,-0.000468822,-0.000437706,-0.00053782,-0.000654774,-0.000579138,-0.000536043
16.5,-0.000279884,-0.000339091,-0.000448753,-0.000374317,-0.000310731,-0.000402658,-0.000452164,-0.000460028,-0.000431379,-0.000523938,-0.00063848,-0.000563373,-0.000521442
16.6,-0.000273433,-0.000330964,-0.000439828,-0.000365732,-0.000306268,-0.000396579,-0.0004512,-0.000451231,-0.000425843,-0.000510469,-0.000622478,-0.000548166,-0.000507351
16.7,-0.000267174,-0.000323074,-0.000430856,-0.000357275,-0.000302528,-0.000390437,-0.000450526,-0.000442434,-0.000421058,-0.000497418,-0.000606774,-0.000533499,-0.000493751
16.8,-0.000261096,-0.000315415,-0.000421857,-0.000348968,-0.000299477,-0.000384211,-0.00045011,-0.000433639,-0.000416981,-0.000484781,-0.000591371,-0.000519355,-0.000480624
16.9,-0.000255191,-0.00030798,-0.00041285,-0.000340832,-0.000297092,-0.00037791,-0.000449917,-0.000424847,-0.000413574,-0.000472562,-0.000576273,-0.000505715,-0.000467945
17,-0.00024945,-0.000300766,-0.000403853,-0.000332886,-0.000295341,-0.000371534,-0.000449912,-0.000416062,-0.000410791,-0.000460762,-0.000561484,-0.00049256,-0.000455698
17.1,-0.000243865,-0.000293769,-0.000394885,-0.000325152,-0.000294193,-0.000365089,-0.000450064,-0.000407288,-0.000408589,-0.000449383,-0.000547007,-0.000479872,-0.000443864
17.2,-0.000238431,-0.000286986,-0.000385966,-0.000317633,-0.000293627,-0.000358578,-0.000450342,-0.00039853,-0.000406924,-0.000438428,-0.000532849,-0.000467632,-0.000432419
17.3,-0.000233144,-0.000280416,-0.000377112,-0.000310349,-0.000293576,-0.000352006,-0.00045072,-0.000389797,-0.000405752,-0.000427896,-0.000519013,-0.00045582,-0.000421352
17.4,-0.000227997,-0.000274054,-0.000368345,-0.00030331,-0.000294021,-0.000345386,-0.000451169,-0.000381093,-0.000405029,-0.000417787,-0.000505504,-0.000444424,-0.000410644
17.5,-0.000222989,-0.0002679,-0.000359672,-0.000296525,-0.000294922,-0.000338705,-0.000451666,-0.000372422,-0.000404713,-0.000408097,-0.000492328,-0.000433428,-0.000400277
17.6,-0.000218117,-0.000261954,-0.000351113,-0.000290018,-0.000296242,-0.000331977,-0.000452187,-0.000363794,-0.000404761,-0.000398826,-0.000479488,-0.000422819,-0.000390235
17.7,-0.000213382,-0.000256202,-0.00034268,-0.000283759,-0.000297945,-0.00032521,-0.000452712,-0.000355211,-0.000405134,-0.000389967,-0.000466988,-0.000412587,-0.000380506
17.8,-0.000208772,-0.000250648,-0.000334388,-0.00027777,-0.000300009,-0.000318409,-0.000453222,-0.000346684,-0.000405794,-0.000381514,-0.00045483,-0.000402718,-0.000371079
17.9,-0.000204287,-0.000245287,-0.000326264,-0.000272054,-0.000302363,-0.00031158,-0.000453699,-0.000338217,-0.000406699,-0.00037346,-0.000443016,-0.000393202,-0.000361942
18,-0.000199925,-0.000240117,-0.000318282,-0.000266612,-0.000304988,-0.000304733,-0.000454127,-0.000329818,-0.000407817,-0.000365799,-0.000431549,-0.000384026,-0.000353086
18.1,-0.000195682,-0.000235151,-0.000310472,-0.000261444,-0.000307847,-0.000297877,-0.000454491,-0.000321497,-0.00040911,-0.000358521,-0.000420427,-0.000375182,-0.000344502
18.2,-0.000191571,-0.000230347,-0.000302841,-0.000256567,-0.000310904,-0.000291023,-0.000454779,-0.000313259,-0.000410543,-0.000351618,-0.000409651,-0.000366659,-0.000336181
18.3,-0.000187553,-0.000225722,-0.000295396,-0.00025194,-0.000314128,-0.000284178,-0.000454978,-0.000305113,-0.000412085,-0.000345078,-0.000399221,-0.000358448,-0.000328113
18.4,-0.000183643,-0.00022127,-0.000288143,-0.00024758,-0.000317485,-0.000277352,-0.000455078,-0.000297069,-0.000413706,-0.000338888,-0.000389133,-0.00035054,-0.00032029
18.5,-0.000179837,-0.000216988,-0.000281086,-0.000243481,-0.000320946,-0.000270556,-0.000455069,-0.000289136,-0.000415379,-0.000333038,-0.000379385,-0.000342925,-0.000312702
18.6,-0.000176132,-0.000212871,-0.000274247,-0.000239638,-0.000324482,-0.000263796,-0.000454941,-0.000281319,-0.000417078,-0.000327516,-0.000369973,-0.000335594,-0.000305342
18.7,-0.000172524,-0.000208914,-0.000267594,-0.000236045,-0.000328071,-0.000257084,-0.00045469,-0.000273628,-0.000418781,-0.00032231,-0.000360892,-0.000328537,-0.000298201
18.8,-0.00016901,-0.00020513,-0.000261147,-0.000232696,-0.000331681,-0.000250428,-0.000454308,-0.000266069,-0.000420465,-0.000317407,-0.000352137,-0.000321744,-0.000291272
18.9,-0.000165605,-0.000201479,-0.000254909,-0.000229584,-0.000335293,-0.000243837,-0.000453791,-0.000258649,-0.000422112,-0.000312795,-0.000343703,-0.000315208,-0.000284546
19,-0.000162269,-0.000197974,-0.000248881,-0.000226703,-0.000338883,-0.000237319,-0.000453135,-0.000251376,-0.000423703,-0.000308464,-0.000335584,-0.000308917,-0.000278016
19.1,-0.000159017,-0.000194612,-0.000243065,-0.000224051,-0.000342433,-0.000230883,-0.000452334,-0.000244254,-0.000425222,-0.000304402,-0.000327775,-0.000302864,-0.000271675
19.2,-0.000155847,-0.000191387,-0.000237459,-0.000221611,-0.000345923,-0.000224536,-0.000451386,-0.00023729,-0.000426653,-0.000300596,-0.00032027,-0.000297039,-0.000265515
19.3,-0.000152755,-0.000188297,-0.000232064,-0.000219381,-0.000349335,-0.000218287,-0.000450291,-0.000230489,-0.000427984,-0.000297035,-0.000313062,-0.000291435,-0.00025953
19.4,-0.000149739,-0.000185336,-0.000226883,-0.000217351,-0.000352654,-0.000212141,-0.000449048,-0.000223855,-0.000429204,-0.000293708,-0.000306145,-0.000286045,-0.000253713
19.5,-0.000146797,-0.000182502,-0.000221906,-0.000215515,-0.000355865,-0.000206106,-0.000447655,-0.000217395,-0.0004303,-0.000290605,-0.000299513,-0.00028086,-0.000248057
19.6,-0.000143925,-0.000179796,-0.000217136,-0.000213863,-0.000358954,-0.000200188,-0.000446112,-0.00021111,-0.000431264,-0.000287713,-0.000293159,-0.000275876,-0.000242558
19.7,-0.000141128,-0.000177205,-0.000212572,-0.000212388,-0.000361911,-0.000194394,-0.000444421,-0.000205004,-0.000432086,-0.000285022,-0.000287077,-0.000271084,-0.00023721
19.8,-0.000138393,-0.00017473,-0.000208209,-0.00021108,-0.000364723,-0.000188729,-0.000442581,-0.000199081,-0.00043276,-0.000282521,-0.000281259,-0.000266479,-0.000232009
19.9,-0.000135725,-0.000172369,-0.000204047,-0.000209932,-0.000367382,-0.000183199,-0.000440595,-0.000193343,-0.00043328,-0.000280199,-0.000275699,-0.000262055,-0.00022695
20,-0.000133121,-0.000170118,-0.00020008,-0.000208935,-0.000369879,-0.000177808,-0.000438463,-0.000187791,-0.00043364,-0.000278046,-0.000270389,-0.000257805,-0.000222028