-1,0,15,30,45,60,75,90,105,120,135,150,165,180
-1,0,15,30,45,60,75,90,105,120,135,150,165,180
2,-1,-1,-1,-1,20.68641031,6.757173942,3.568041031,6.234912225,21.05344728,-1,-1,-1,-1
2.05,-1,-1,-1,-1,19.23551956,6.140656273,3.162352264,5.598479505,19.31856632,-1,-1,-1,-1
2.1,-1,-1,-1,-1,17.82596788,5.567485684,2.793286081,5.012182158,17.67531065,-1,-1,-1,-1
2.15,-1,-1,-1,-1,16.46519983,5.036192243,2.458450982,4.473517785,16.12633889,-1,-1,-1,-1
2.2,-1,-1,-1,-1,15.15786102,4.545137256,2.155481654,3.979925891,14.67294564,-1,-1,-1,-1
2.25,-1,-1,-1,-1,13.91394426,4.092553212,1.882069166,3.528840234,13.3151693,-1,-1,-1,-1
2.3,-1,-1,-1,-1,12.74061881,3.676573717,1.635981746,3.117722804,12.05188893,-1,-1,-1,-1
2.35,-1,-1,-1,-1,11.63994779,3.295280751,1.415080366,2.744071009,10.88097788,-1,-1,-1,-1
2.4,-1,-1,-1,-1,10.61175188,2.946722162,1.217332469,2.405417201,9.799482477,-1,-1,-1,-1
2.45,-1,-1,-1,-1,9.654627211,2.628907582,1.040815971,2.099336563,8.804089127,-1,-1,-1,-1
2.5,-1,-1,-1,-1,8.766298557,2.339821248,0.883710201,1.823479501,7.89009625,-1,-1,-1,-1
2.55,-1,-1,-1,-1,7.944267443,2.077440846,0.744281332,1.57560536,7.053500195,-1,-1,-1,-1
2.6,-1,-1,-1,-1,7.18558893,1.839764612,0.620882167,1.353589703,6.289737145,-1,-1,-1,-1
2.65,-1,-1,-1,-1,6.48706717,1.624852965,0.511972312,1.155402114,5.594186013,-1,-1,-1,-1
2.7,-1,-1,-1,-1,5.845394587,1.430868497,0.416144606,0.979076171,4.962257312,-1,-1,-1,-1
2.75,-1,-1,-1,-1,5.257254825,1.256101199,0.332134791,0.822696027,4.389423494,-1,-1,-1,-1
2.8,-1,-1,-1,-1,4.719374921,1.098970816,0.258803565,0.684360533,3.87124211,-1,-1,-1,-1
2.85,-1,-1,-1,-1,4.228527037,0.958027289,0.195098702,0.562461504,3.403434104,-1,-1,-1,-1
2.9,-1,-1,-1,-1,3.781534861,0.831876959,0.140022473,0.455296565,2.981948688,-1,-1,-1,-1
2.95,-1,-1,-1,-1,3.375289068,0.719190292,0.092629903,0.361395079,2.603000089,-1,-1,-1,-1
3,-1,-1,43.38804254,12.09215374,3.006779747,0.618720429,0.052048272,0.279412144,2.263071057,11.47916791,49.00499929,-1,-1
3.05,-1,-1,38.93039374,10.83604643,2.673127878,0.529301465,0.017496709,0.208123536,1.958896759,10.13832696,43.31588907,-1,-1
3.1,-1,-1,34.2420383,9.694457148,2.371594366,0.449864907,-0.011711297,0.146405236,1.687420512,8.936055309,38.18279982,-1,-1
3.15,-1,-1,30.33100151,8.659392888,2.099589451,0.37944818,-0.036187859,0.093219583,1.445743608,7.860188225,33.58981006,-1,-1
3.2,-1,-1,26.99943329,7.722740378,1.854661838,0.317189512,-0.056525507,0.047610701,1.231151371,6.899154736,29.49345546,-1,-1
3.25,-1,-1,24.0422852,6.876645482,1.634493142,0.262312284,-0.073151815,0.008688147,1.041138396,6.042040404,25.85001199,-1,-1
3.3,-1,-1,21.36743521,6.113607911,1.436913388,0.214096959,-0.086641651,-0.024353998,0.87338407,5.278730148,22.61760665,-1,-1
3.35,-1,-1,18.95475037,5.426553861,1.2599084,0.17186145,-0.097423857,-0.052191016,0.725748627,4.599944982,19.75660618,-1,-1
3.4,-1,-1,16.78833785,4.808881704,1.10160951,0.134968411,-0.105879333,-0.075400336,0.59622855,3.997224236,17.22978743,-1,-1
3.45,-1,-1,14.84994397,4.254468074,0.960286935,0.102839286,-0.112351517,-0.094534451,0.482933652,3.462846895,15.00252098,-1,-1
3.5,-1,-1,13.12017645,3.757617725,0.83434209,0.074968209,-0.117137887,-0.110141531,0.38415045,2.989774043,13.04287859,-1,-1
3.55,-1,-1,11.57931114,3.31302271,0.722291726,0.050918867,-0.12048516,-0.122714092,0.298320248,2.57164991,11.32156019,-1,-1
3.6,-1,-1,10.20836775,2.915768393,0.62276581,0.030306768,-0.122610652,-0.132634404,0.224009902,2.202721889,9.81173254,-1,-1
3.65,-1,-1,8.98971974,2.561342589,0.534520476,0.012779972,-0.123712183,-0.140207188,0.15993108,1.877814913,8.489020475,-1,-1
3.7,-1,-1,7.907344594,2.245620816,0.456437742,-0.002004771,-0.123963161,-0.145724285,0.104929597,1.592252968,7.33140466,-1,-1
3.75,-1,-1,6.94683769,1.964820645,0.387512298,-0.014393115,-0.123520746,-0.149490557,0.057952432,1.341842867,6.319095581,-1,-1
3.8,-1,-1,6.095234091,1.715458279,0.326831048,-0.02472425,-0.122530589,-0.151777317,0.018044003,1.122808779,5.434411995,-1,-1
3.85,-1,-1,5.340872022,1.494336688,0.273552706,-0.033305433,-0.121114803,-0.152798995,-0.015636744,0.931704283,4.661700619,-1,-1
3.9,-1,-1,4.673296476,1.298547919,0.226892645,-0.040399436,-0.119359684,-0.152763167,-0.043830146,0.765385107,3.987239854,-1,-1
3.95,-1,-1,4.08314691,1.12545905,0.186124992,-0.046221903,-0.117324937,-0.151867752,-0.067189512,0.621015656,3.398999683,-1,-1
4,11.78444806,8.535916494,3.562009668,0.972678487,0.150597574,-0.050942945,-0.1150538,-0.150274391,-0.086314617,0.496077911,2.886455651,8.274871592,12.08323083
4.05,10.22366208,7.426339886,3.10231057,0.838018624,0.119743459,-0.054701869,-0.11258292,-0.148101457,-0.101771222,0.388338238,2.4403802,7.059137347,10.30210756
4.1,8.866288124,6.455235158,2.697247242,0.719478,0.093077254,-0.05761617,-0.109941926,-0.145432174,-0.114080851,0.295783111,2.052687979,6.009834767,8.771182811
4.15,7.684939657,5.605438185,2.340732611,0.615245752,0.070177689,-0.059791491,-0.107143943,-0.142340545,-0.123711189,0.216591517,1.716297675,5.104173158,7.455502204
4.2,6.65631215,4.861996657,2.0273358,0.523710796,0.050659658,-0.061329122,-0.104216002,-0.138902089,-0.131066323,0.149127807,1.424985972,4.322518973,6.324783461
4.25,5.76044168,4.211849624,1.752207744,0.443458669,0.03414502,-0.062334103,-0.101219832,-0.135183676,-0.136477204,0.091910929,1.173292016,3.648067183,5.352897149
4.3,4.980141696,3.643601602,1.510981862,0.373252409,0.020246793,-0.062903488,-0.098210175,-0.131254102,-0.140211171,0.043587023,0.956383126,3.066419186,4.517440169
4.35,4.300603033,3.1472592,1.299708733,0.312000139,0.008579273,-0.063109187,-0.095212488,-0.127178942,-0.142493975,0.002973907,0.769945877,2.565188347,3.79929059
4.4,3.709041721,2.713994522,1.114851578,0.258719252,-0.00121277,-0.063019531,-0.092251675,-0.123039374,-0.143509639,-0.030927397,0.610149841,2.133720866,3.182159497
4.45,3.194324176,2.336093047,0.953282938,0.212511348,-0.009423319,-0.06270852,-0.089340201,-0.118923292,-0.143431808,-0.058980727,0.473612717,1.762840639,2.65217163
4.5,2.746708014,2.006860643,0.812250881,0.172555641,-0.016272772,-0.062220171,-0.086466432,-0.114883678,-0.142446141,-0.081941582,0.357346888,1.444594996,2.197474972
4.55,2.357682876,1.720393336,0.689317407,0.138118014,-0.021920906,-0.061550089,-0.083616923,-0.110933121,-0.140732139,-0.100485748,0.258714287,1.172105004,1.807924064
4.6,2.01983805,1.471414544,0.582319206,0.108561075,-0.026494914,-0.060674233,-0.080781681,-0.1070588,-0.138440376,-0.115232277,0.175390097,0.93945456,1.474799561
4.65,1.726684558,1.255193078,0.489359115,0.083337145,-0.030122869,-0.059589296,-0.077939151,-0.103249297,-0.13569833,-0.126750861,0.105354647,0.7414874,1.19056472
4.7,1.472506987,1.067538886,0.408780334,0.061959611,-0.032961053,-0.058312669,-0.075081812,-0.09950522,-0.132599925,-0.13554496,0.046839569,0.573585533,0.948664963
4.75,1.252286219,0.904832485,0.339110823,0.043967064,-0.03518581,-0.056876068,-0.07221268,-0.09584239,-0.12922882,-0.142025854,-0.001743026,0.431613323,0.74336731
4.8,1.061653827,0.763942685,0.279012272,0.02890423,-0.036944324,-0.055339037,-0.069351689,-0.092286754,-0.125667738,-0.146508864,-0.041814396,0.311929712,0.569652299
4.85,0.896820616,0.642109977,0.227277318,0.016332714,-0.038312899,-0.053763877,-0.066559116,-0.08885934,-0.122002732,-0.149244691,-0.074599513,0.211428337,0.42315
4.9,0.75449015,0.536874504,0.182857651,0.005859003,-0.039315347,-0.052176246,-0.063887182,-0.085560913,-0.118313959,-0.150480576,-0.101133992,0.12750542,0.300082498
4.95,0.631759896,0.446025315,0.144861653,-0.002845507,-0.03998157,-0.050575253,-0.061342427,-0.082382316,-0.114648612,-0.150464082,-0.122282327,0.057832148,0.197190467
5,0.526077773,0.367695935,0.112518368,-0.010047588,-0.040369667,-0.048955118,-0.05890849,-0.079298128,-0.111010315,-0.149432146,-0.138784997,0.000283743,0.111638218
5.05,0.435222464,0.300465655,0.085150473,-0.015974195,-0.040527075,-0.047314041,-0.056568908,-0.076284424,-0.107393146,-0.147598756,-0.151333814,-0.046891285,0.040932384
5.1,0.35728305,0.243106773,0.062157059,-0.020829997,-0.040464854,-0.045653063,-0.054311927,-0.073336591,-0.103807612,-0.145137984,-0.160597075,-0.085179632,-0.017122849
5.15,0.290616347,0.194301121,0.042983473,-0.02479073,-0.040185879,-0.043981546,-0.052127596,-0.070472209,-0.100252928,-0.142190512,-0.167155688,-0.115959119,-0.064430711
5.2,0.233781774,0.152788153,0.027098714,-0.027985398,-0.039699556,-0.042298181,-0.050007918,-0.067712093,-0.096723979,-0.138879821,-0.171443634,-0.140335013,-0.102600998
5.25,0.185487221,0.117623451,0.013996584,-0.030499023,-0.039017945,-0.040605009,-0.047948754,-0.065066769,-0.093238123,-0.135318175,-0.173788685,-0.159136056,-0.132976188
5.3,0.144577632,0.08803774,0.003210885,-0.032402579,-0.038184958,-0.03890574,-0.045950859,-0.062546817,-0.08982945,-0.131591277,-0.17447543,-0.173170685,-0.156688944
5.35,0.110041346,0.063269963,-0.005665797,-0.033785305,-0.037265907,-0.037206641,-0.044015606,-0.060153104,-0.086528797,-0.127743976,-0.173771593,-0.183269095,-0.174732121
5.4,0.081019553,0.042630495,-0.012967819,-0.034764265,-0.036312234,-0.03553371,-0.042140694,-0.057873718,-0.083351168,-0.123800904,-0.171937955,-0.190184324,-0.188009329
5.45,0.056795184,0.025523547,-0.018933048,-0.035444581,-0.035358296,-0.033909678,-0.040328315,-0.055681326,-0.080301112,-0.119801578,-0.169200756,-0.194429052,-0.197340892
5.5,0.036751958,0.011518236,-0.023705228,-0.035879834,-0.03439636,-0.032366085,-0.038567092,-0.05353972,-0.077364379,-0.115791774,-0.165742002,-0.196408927,-0.203434727
5.55,0.020326301,0.000251748,-0.027410462,-0.036089847,-0.033392029,-0.030919933,-0.036858881,-0.051420546,-0.074525821,-0.111800316,-0.161723219,-0.196566483,-0.206872165
5.6,0.00697909,-0.008774593,-0.030231515,-0.036067761,-0.032326681,-0.029565561,-0.035218029,-0.049319973,-0.071784396,-0.10785224,-0.157291154,-0.195242263,-0.208124188
5.65,-0.003795762,-0.016061872,-0.032369599,-0.03579814,-0.031187102,-0.028295123,-0.033664847,-0.047259408,-0.06914145,-0.103970234,-0.152561276,-0.192682661,-0.207568791
5.7,-0.012455825,-0.021965673,-0.033979187,-0.035297933,-0.029972987,-0.027096207,-0.032210054,-0.045259728,-0.066593725,-0.10015549,-0.147630341,-0.189128531,-0.205514438
5.75,-0.019397006,-0.026608622,-0.035164911,-0.034599417,-0.028712727,-0.025958894,-0.03085432,-0.04333985,-0.064142911,-0.096409523,-0.142592035,-0.184811134,-0.202237327
5.8,-0.024936216,-0.030163315,-0.03599382,-0.033757627,-0.027440203,-0.024882204,-0.029593995,-0.041518824,-0.061789342,-0.092750992,-0.137528762,-0.179959008,-0.198005894
5.85,-0.02930331,-0.032958978,-0.03651523,-0.032841515,-0.026197444,-0.023855788,-0.028420458,-0.039804475,-0.059520949,-0.089198643,-0.132504795,-0.174731129,-0.193056016
5.9,-0.032667909,-0.035137628,-0.036770746,-0.031898219,-0.025002116,-0.022864365,-0.027318266,-0.038194512,-0.057319195,-0.085765222,-0.127554159,-0.16922906,-0.187573513
5.95,-0.035187189,-0.036657949,-0.036781855,-0.030959687,-0.023857,-0.021897951,-0.026269437,-0.036678965,-0.055158391,-0.082463572,-0.122698534,-0.163540164,-0.181705602
6,-0.037006009,-0.037590023,-0.036544917,-0.03002301,-0.022769622,-0.020961383,-0.025250606,-0.035243351,-0.053012871,-0.079294295,-0.117965531,-0.157714032,-0.17557547
6.05,-0.038245872,-0.038143931,-0.036085711,-0.029055456,-0.021734242,-0.020056963,-0.024239847,-0.033875939,-0.050880877,-0.076254399,-0.113371405,-0.151835929,-0.169285558
6.1,-0.039023011,-0.03843992,-0.035428694,-0.028034017,-0.020749331,-0.019188104,-0.023238023,-0.032567873,-0.048780148,-0.073337569,-0.108923212,-0.145995699,-0.162917032
6.15,-0.039457822,-0.038514975,-0.034597729,-0.026938857,-0.019819525,-0.018360604,-0.022256688,-0.031312454,-0.046742531,-0.070524298,-0.104617939,-0.14023943,-0.156534806
6.2,-0.039622161,-0.038398611,-0.03362606,-0.025775744,-0.018944447,-0.017581968,-0.021315937,-0.030102653,-0.044797214,-0.067799734,-0.100443179,-0.134591655,-0.150196149
6.25,-0.039539371,-0.038040276,-0.03254733,-0.024576121,-0.018125173,-0.016861589,-0.020428591,-0.028929118,-0.0429607,-0.065168555,-0.096392726,-0.129069284,-0.143945501
6.3,-0.039218187,-0.037447281,-0.031408706,-0.023391306,-0.017350552,-0.016204088,-0.01959967,-0.027785917,-0.041235243,-0.062638603,-0.092471862,-0.123671809,-0.13782137
6.35,-0.03865483,-0.036666691,-0.030237521,-0.022251412,-0.016610034,-0.015608132,-0.018821233,-0.026672017,-0.039608772,-0.060212715,-0.088690688,-0.118432854,-0.131870805
6.4,-0.037872249,-0.035721187,-0.029075119,-0.021152098,-0.015889135,-0.015064645,-0.01808391,-0.025585917,-0.038064139,-0.057882514,-0.085050817,-0.113371169,-0.126134511
6.45,-0.036899274,-0.034614313,-0.027941274,-0.020097722,-0.015180694,-0.014555571,-0.017388719,-0.024527218,-0.036585392,-0.055626739,-0.081544476,-0.108480651,-0.12061827
6.5,-0.035758879,-0.03335401,-0.026819574,-0.019096371,-0.01448371,-0.014065084,-0.016742768,-0.02349851,-0.035161076,-0.053426019,-0.078161867,-0.103766643,-0.115308952
6.55,-0.034511098,-0.03204898,-0.025665116,-0.018149914,-0.013809592,-0.013575395,-0.016150071,-0.02250444,-0.03378852,-0.051271226,-0.074886452,-0.099237593,-0.110199946
6.6,-0.033231528,-0.030778206,-0.024445984,-0.017261529,-0.013164639,-0.013076575,-0.015604908,-0.021550961,-0.032468053,-0.049158958,-0.071712248,-0.094903425,-0.105294052
6.65,-0.031943865,-0.029561004,-0.023185952,-0.016420985,-0.012563034,-0.01257035,-0.015101564,-0.020647479,-0.03120046,-0.047089317,-0.068651461,-0.090764847,-0.100607013
6.7,-0.030657071,-0.028364562,-0.021942664,-0.015623559,-0.012009027,-0.01206535,-0.014632711,-0.019802731,-0.029987766,-0.045076517,-0.065714424,-0.086833153,-0.096154015
6.75,-0.029381006,-0.02712436,-0.020757268,-0.014865735,-0.01150341,-0.011571692,-0.014185934,-0.019021031,-0.028829522,-0.043143119,-0.062915338,-0.083116021,-0.091928313
6.8,-0.028108857,-0.025821987,-0.019634543,-0.014137665,-0.011046567,-0.01110526,-0.01374874,-0.018299863,-0.027716768,-0.041305249,-0.060261727,-0.07959659,-0.087914694
6.85,-0.026815923,-0.024477993,-0.018577204,-0.013432884,-0.010636362,-0.010678811,-0.013314548,-0.017632078,-0.026638708,-0.039562727,-0.057738339,-0.076236932,-0.084094621
6.9,-0.025489905,-0.023137865,-0.017589714,-0.01274601,-0.010271022,-0.010299846,-0.012876797,-0.017009543,-0.025584584,-0.03790521,-0.055323681,-0.073003564,-0.080437951
6.95,-0.024132904,-0.021833592,-0.016662563,-0.012078635,-0.009946475,-0.009971163,-0.012432399,-0.016431432,-0.024546931,-0.036321043,-0.053004397,-0.069881596,-0.07692452
7,-0.022781012,-0.020589667,-0.015787642,-0.011431671,-0.009655087,-0.009689626,-0.011980572,-0.015897916,-0.02352844,-0.034801717,-0.050769448,-0.066869787,-0.073551876
7.05,-0.021474962,-0.019413329,-0.014959833,-0.010823389,-0.009382576,-0.009445984,-0.011526273,-0.01540441,-0.022536243,-0.033345142,-0.04860713,-0.063972405,-0.07031622
7.1,-0.020233836,-0.018292086,-0.014180505,-0.010268489,-0.009115554,-0.009228464,-0.011080565,-0.014937032,-0.021578209,-0.031953301,-0.046515904,-0.061193122,-0.067214283
7.15,-0.019050486,-0.017223528,-0.013439284,-0.009777095,-0.008839141,-0.009024736,-0.010655486,-0.014479605,-0.020662738,-0.030628392,-0.044509837,-0.058525674,-0.064243205
7.2,-0.017933831,-0.01622284,-0.01272678,-0.009355013,-0.008541759,-0.008821831,-0.010262316,-0.01402697,-0.019799493,-0.029370839,-0.04260804,-0.055954437,-0.061392964
7.25,-0.016898927,-0.015302751,-0.012033715,-0.008997493,-0.008220281,-0.008607751,-0.009908481,-0.013579097,-0.018995821,-0.028178938,-0.040810677,-0.053465693,-0.058650712
7.3,-0.015942146,-0.014460137,-0.011359749,-0.008690149,-0.00788253,-0.008374771,-0.009596826,-0.013138269,-0.018252711,-0.02704973,-0.03910073,-0.051058461,-0.056011134
7.35,-0.015050714,-0.013686541,-0.010709212,-0.008411708,-0.007544763,-0.008120146,-0.009324545,-0.012704518,-0.017566692,-0.025976497,-0.037457666,-0.048745151,-0.053473997
7.4,-0.014221681,-0.012966281,-0.010089283,-0.008143464,-0.007223904,-0.007848112,-0.009083622,-0.012275769,-0.016931315,-0.024947337,-0.035866894,-0.046543792,-0.05104416
7.45,-0.01345036,-0.012282644,-0.009520168,-0.007878465,-0.006936965,-0.007568175,-0.008868592,-0.011849831,-0.016339196,-0.023953143,-0.034321434,-0.044456054,-0.048724321
7.5,-0.012721843,-0.011626197,-0.009014951,-0.007612064,-0.006695277,-0.007291194,-0.008676252,-0.011426846,-0.015785653,-0.022993401,-0.032821089,-0.042468621,-0.046509033
7.55,-0.012028439,-0.010983757,-0.008581139,-0.00734406,-0.00650138,-0.00702598,-0.008500337,-0.011010964,-0.01526584,-0.022071556,-0.031370698,-0.040565098,-0.044389713
7.6,-0.011352434,-0.010339336,-0.008215155,-0.007075391,-0.006349465,-0.006778893,-0.008330999,-0.01060788,-0.01477752,-0.021189276,-0.029975447,-0.038735423,-0.042364053
7.65,-0.010685836,-0.009702916,-0.007902238,-0.006804635,-0.006228298,-0.006554876,-0.008159192,-0.010223455,-0.014311738,-0.020349215,-0.028640294,-0.036979711,-0.040432756
7.7,-0.010027696,-0.009101492,-0.007622763,-0.006527646,-0.006124892,-0.006356563,-0.00797701,-0.009864053,-0.013862132,-0.019554603,-0.02737244,-0.035298934,-0.038595182
7.75,-0.009398612,-0.00856947,-0.007361251,-0.006243327,-0.006025303,-0.006185384,-0.007779954,-0.009532902,-0.013427303,-0.018805268,-0.026177034,-0.033694808,-0.036851855
7.8,-0.00882604,-0.008123441,-0.007113523,-0.005957385,-0.005917608,-0.006040244,-0.007566721,-0.009230944,-0.013007175,-0.018097339,-0.025052595,-0.032169582,-0.035201613
7.85,-0.008325757,-0.00776547,-0.006879276,-0.005678751,-0.005794347,-0.005917976,-0.007339069,-0.008956614,-0.012601516,-0.017424566,-0.023994342,-0.030726037,-0.033641554
7.9,-0.007905009,-0.007482806,-0.006655823,-0.005421139,-0.005648067,-0.005812558,-0.007101583,-0.008707782,-0.012207973,-0.016778437,-0.023000165,-0.029365137,-0.032168373
7.95,-0.007561518,-0.007243273,-0.006437547,-0.005198552,-0.00547715,-0.00571932,-0.006860762,-0.008484678,-0.011823034,-0.016153943,-0.022066,-0.028089105,-0.0307791
8,-0.007279983,-0.007007166,-0.006209638,-0.005020172,-0.005283783,-0.005632801,-0.006623665,-0.008287095,-0.011443275,-0.015550065,-0.021186522,-0.026903469,-0.029466598
8.05,-0.007032203,-0.006753209,-0.005959629,-0.004886906,-0.005076934,-0.005546183,-0.006397288,-0.008109933,-0.011068179,-0.014971193,-0.020359427,-0.025807149,-0.028222391
8.1,-0.006791137,-0.006470877,-0.005681752,-0.004791044,-0.004868805,-0.005453962,-0.006187984,-0.0079454,-0.010699501,-0.014420512,-0.019584109,-0.024788399,-0.027043461
8.15,-0.006543116,-0.006159854,-0.005387636,-0.004720378,-0.004671748,-0.005352083,-0.005999448,-0.007785812,-0.010338918,-0.013898215,-0.018856924,-0.02382959,-0.025929174
8.2,-0.006272823,-0.00583505,-0.005098309,-0.004660287,-0.004495825,-0.005238261,-0.00583258,-0.007624819,-0.009989544,-0.013404212,-0.018174644,-0.022913882,-0.024874981
8.25,-0.005977958,-0.005511658,-0.004835963,-0.004597018,-0.004347035,-0.005111797,-0.005686589,-0.007457861,-0.00965301,-0.012940147,-0.017530877,-0.022029952,-0.023874659
8.3,-0.005665582,-0.005207386,-0.004618635,-0.004521567,-0.004227344,-0.004972413,-0.005559957,-0.00728098,-0.00932831,-0.012506347,-0.01691557,-0.021171509,-0.022919733
8.35,-0.005345124,-0.004936835,-0.004453897,-0.004424634,-0.004135557,-0.004820667,-0.00545063,-0.007091768,-0.009015474,-0.012102414,-0.016321173,-0.020335287,-0.022002989
8.4,-0.005038248,-0.004706183,-0.004337607,-0.004301464,-0.004068327,-0.004659562,-0.005355528,-0.006890107,-0.00871704,-0.011725927,-0.015745702,-0.019523212,-0.02111928
8.45,-0.004763446,-0.004518554,-0.004257297,-0.004151882,-0.004020005,-0.004494135,-0.00527032,-0.00667925,-0.00843855,-0.011371454,-0.015185785,-0.018739854,-0.020268331
8.5,-0.004532666,-0.004373706,-0.004197337,-0.003981796,-0.003983545,-0.004329675,-0.005189617,-0.006464018,-0.00818515,-0.011034012,-0.014635272,-0.017986998,-0.019451569
8.55,-0.004349936,-0.004267268,-0.00414117,-0.003803435,-0.003950952,-0.004171779,-0.005108944,-0.006249708,-0.007957255,-0.010710747,-0.014092401,-0.017263937,-0.018668754
8.6,-0.004213052,-0.004190075,-0.004072695,-0.003630352,-0.003914414,-0.004025868,-0.005024408,-0.006041266,-0.007751758,-0.01039947,-0.013560422,-0.016572824,-0.017924552
8.65,-0.004114221,-0.004129575,-0.003983065,-0.003475271,-0.003867049,-0.00389596,-0.004932863,-0.005842694,-0.007564397,-0.010097482,-0.013045066,-0.015917522,-0.017206777
8.7,-0.004041944,-0.004072016,-0.003863824,-0.003346898,-0.003804381,-0.003784912,-0.004832149,-0.00565685,-0.007390512,-0.009802882,-0.012552607,-0.015299197,-0.016520466
8.75,-0.003983589,-0.004004698,-0.003717641,-0.003249008,-0.003724315,-0.003693879,-0.004721552,-0.005484784,-0.007226017,-0.009512641,-0.012086605,-0.014711654,-0.015870176
8.8,-0.003926652,-0.003918829,-0.003551901,-0.003181327,-0.003627619,-0.003622073,-0.004600732,-0.005328255,-0.007066176,-0.009223158,-0.011647674,-0.014151169,-0.015257571
8.85,-0.003859254,-0.003813013,-0.003381047,-0.003140578,-0.003516332,-0.003567251,-0.004470633,-0.005188444,-0.00690634,-0.008934163,-0.011235392,-0.013614209,-0.014678757
8.9,-0.003774018,-0.003690141,-0.003219615,-0.003121001,-0.003393825,-0.003525751,-0.004332988,-0.005064517,-0.006742812,-0.00864793,-0.010848574,-0.013103161,-0.014129665
8.95,-0.003668573,-0.003554642,-0.003078911,-0.003115187,-0.003264637,-0.003493148,-0.004190945,-0.004954638,-0.006575891,-0.008368859,-0.010485216,-0.012621895,-0.01360688
9,-0.003544545,-0.003412866,-0.002964981,-0.003114206,-0.003134357,-0.003464845,-0.004047822,-0.004856466,-0.006407779,-0.008100236,-0.010142851,-0.012173639,-0.013111288
9.05,-0.003405303,-0.003268386,-0.002879883,-0.003108977,-0.00300934,-0.003436706,-0.003906993,-0.004767174,-0.006239184,-0.007842973,-0.009820424,-0.011757939,-0.012646436
9.1,-0.00325756,-0.00312571,-0.002822691,-0.003091437,-0.002895625,-0.003405138,-0.003771725,-0.004683826,-0.006070048,-0.007597431,-0.009515865,-0.011370921,-0.012213793
9.15,-0.003108023,-0.002988556,-0.002790111,-0.00305595,-0.002798053,-0.003366883,-0.003644867,-0.004603631,-0.005900951,-0.007363849,-0.009225731,-0.011007542,-0.011807779
9.2,-0.002963214,-0.002861241,-0.002776531,-0.003000388,-0.002719556,-0.003319562,-0.003528407,-0.004524165,-0.005732023,-0.00714242,-0.008945603,-0.010664269,-0.011424024
9.25,-0.00282918,-0.00274803,-0.002774656,-0.002925099,-0.002660866,-0.003261427,-0.003423889,-0.004443842,-0.005563411,-0.006931634,-0.008672628,-0.010337271,-0.011058065
9.3,-0.002711416,-0.002652116,-0.002776368,-0.002832863,-0.002620842,-0.003191672,-0.003332028,-0.004360932,-0.005397366,-0.006730149,-0.008408933,-0.010024291,-0.010706257
9.35,-0.002614426,-0.002575059,-0.002774507,-0.002727708,-0.002596694,-0.00311057,-0.003252796,-0.004274427,-0.005235884,-0.006538207,-0.008159035,-0.009722419,-0.010366454
9.4,-0.002540758,-0.002517159,-0.002763603,-0.002614793,-0.002584613,-0.003019526,-0.003185628,-0.004183474,-0.005080085,-0.006357794,-0.007924765,-0.009430936,-0.010039189
9.45,-0.002490524,-0.002477488,-0.0027399,-0.002500305,-0.002580208,-0.002920987,-0.003129221,-0.004088331,-0.004930895,-0.006189961,-0.007705574,-0.009149882,-0.009725161
9.5,-0.002461317,-0.002453779,-0.00270088,-0.002391058,-0.002578904,-0.002818129,-0.003081766,-0.003989474,-0.004789019,-0.006034488,-0.007499373,-0.008878815,-0.009424719
9.55,-0.002448529,-0.002442138,-0.002645201,-0.002293431,-0.002576021,-0.002714647,-0.003041102,-0.003887738,-0.004654835,-0.005889651,-0.007303072,-0.008616902,-0.009136873
9.6,-0.002446109,-0.002437326,-0.002572725,-0.002212347,-0.002567366,-0.002614197,-0.003004877,-0.003784186,-0.004528499,-0.005752886,-0.007114276,-0.008361832,-0.008858642
9.65,-0.002447506,-0.002433479,-0.002485329,-0.002150632,-0.002549422,-0.002519988,-0.002970733,-0.003679871,-0.004410059,-0.005621126,-0.0069335,-0.008111028,-0.00858634
9.7,-0.002446297,-0.0024248,-0.002386778,-0.002108689,-0.002519703,-0.002434901,-0.002936451,-0.003575636,-0.00429919,-0.005491839,-0.006760386,-0.007865378,-0.008318797
9.75,-0.002437068,-0.002406671,-0.002282055,-0.002085021,-0.002476892,-0.002360897,-0.002900236,-0.003472766,-0.004195841,-0.005365396,-0.006593717,-0.007627171,-0.008056482
9.8,-0.002415953,-0.002375836,-0.002176819,-0.002076593,-0.002420918,-0.002299112,-0.00286069,-0.003372622,-0.004099153,-0.005242238,-0.006432375,-0.007397093,-0.007803026
9.85,-0.0023801,-0.002331189,-0.002076927,-0.002079443,-0.002352834,-0.002249813,-0.002817055,-0.003276296,-0.004008447,-0.005121986,-0.00627487,-0.007176401,-0.007559956
9.9,-0.002327681,-0.002272626,-0.001987793,-0.002089069,-0.00227482,-0.002212446,-0.002768925,-0.003184824,-0.003922551,-0.005004439,-0.006119283,-0.006965186,-0.007327491
9.95,-0.002258371,-0.002202066,-0.001913674,-0.002100725,-0.002189888,-0.002185917,-0.002716298,-0.003098913,-0.003840782,-0.004889494,-0.005964009,-0.006761815,-0.00710506
10,-0.002174251,-0.002121976,-0.001857113,-0.002109719,-0.002101609,-0.002168339,-0.002659459,-0.003019151,-0.00376243,-0.004776981,-0.005808161,-0.006565843,-0.006892164
10.05,-0.002079456,-0.002035707,-0.001818731,-0.002111942,-0.002013659,-0.002157688,-0.002598955,-0.002945763,-0.003686662,-0.004666815,-0.005651703,-0.006376516,-0.00668778
10.1,-0.001979579,-0.001946755,-0.001797368,-0.002104207,-0.001929597,-0.002151564,-0.00253542,-0.002878834,-0.003612723,-0.004558777,-0.005494917,-0.006193148,-0.00648977
10.15,-0.001880857,-0.001858868,-0.001790507,-0.002084431,-0.001852519,-0.002147505,-0.002469752,-0.002817861,-0.003539852,-0.00445298,-0.005339012,-0.006015812,-0.00629892
10.2,-0.001789299,-0.001776174,-0.001794706,-0.002051671,-0.001784857,-0.002143034,-0.00240277,-0.002762581,-0.003467297,-0.004348938,-0.005185902,-0.005844558,-0.006114794
10.25,-0.001710067,-0.001702931,-0.001806043,-0.002006074,-0.00172822,-0.002135907,-0.002335243,-0.002712237,-0.003394842,-0.004246519,-0.005036547,-0.005679041,-0.005937681
10.3,-0.001646947,-0.001642998,-0.001820525,-0.001948921,-0.001683333,-0.00212426,-0.002267914,-0.002665937,-0.003322379,-0.004145241,-0.00489155,-0.005519586,-0.005767968
10.35,-0.001602013,-0.001599121,-0.001834204,-0.001882491,-0.001650088,-0.002106688,-0.002201396,-0.002622977,-0.003249892,-0.004045425,-0.004751464,-0.005366544,-0.005605912
10.4,-0.001575547,-0.001572367,-0.001843287,-0.001809854,-0.001627626,-0.002082384,-0.002136406,-0.002582508,-0.003177488,-0.003947155,-0.004616713,-0.00521952,-0.005451406
10.45,-0.001566183,-0.001561922,-0.001844292,-0.001734508,-0.00161454,-0.002051045,-0.002073298,-0.002543819,-0.003105253,-0.003850546,-0.00448748,-0.005078068,-0.005303812
10.5,-0.001571182,-0.001565179,-0.001834295,-0.001660087,-0.001608971,-0.00201294,-0.002012607,-0.002506309,-0.003033375,-0.003755919,-0.004363876,-0.004942029,-0.005162929
10.55,-0.001586793,-0.001578098,-0.001811352,-0.001590006,-0.001608785,-0.001968768,-0.001954775,-0.002469534,-0.002962028,-0.00366321,-0.004245194,-0.004810591,-0.005028062
10.6,-0.001608583,-0.001595806,-0.001774844,-0.001527234,-0.0016117,-0.001919575,-0.001900284,-0.002433021,-0.00289138,-0.003572246,-0.004132052,-0.004684567,-0.004898968
10.65,-0.001631709,-0.001613143,-0.001725575,-0.001474039,-0.001615392,-0.001866609,-0.001849635,-0.002396624,-0.002821647,-0.003483135,-0.004024471,-0.004564398,-0.004775571
10.7,-0.001651303,-0.001625447,-0.001665549,-0.001431865,-0.001617591,-0.001811312,-0.001803301,-0.002360039,-0.002752975,-0.003396057,-0.00392236,-0.004448692,-0.004656329
10.75,-0.001662883,-0.001629144,-0.001597655,-0.001401295,-0.001616247,-0.001755136,-0.001761726,-0.002323048,-0.002685468,-0.003311101,-0.003825711,-0.004337764,-0.004541554
10.8,-0.001662783,-0.001622059,-0.00152528,-0.001382089,-0.001609667,-0.001699479,-0.001725212,-0.002285433,-0.002619286,-0.003228521,-0.003733756,-0.004232063,-0.004430952
10.85,-0.001648676,-0.001603346,-0.001451906,-0.001373286,-0.001596678,-0.001645658,-0.001693982,-0.002246972,-0.002554527,-0.003148374,-0.003645874,-0.004130716,-0.004324263
10.9,-0.00161981,-0.001573105,-0.001380815,-0.001373345,-0.001576659,-0.0015948,-0.001667964,-0.002207649,-0.002491288,-0.003070868,-0.003561521,-0.004033959,-0.00422083
10.95,-0.001577017,-0.001531992,-0.001314858,-0.00138031,-0.00154956,-0.001547819,-0.001646857,-0.002167226,-0.002429653,-0.00299616,-0.003480093,-0.003940882,-0.004119997
11,-0.001522458,-0.001481044,-0.00125635,-0.001391945,-0.001515816,-0.001505412,-0.001630095,-0.002125767,-0.002369643,-0.002924557,-0.003401052,-0.003850976,-0.004021554
11.05,-0.001459172,-0.001421915,-0.001206947,-0.001405849,-0.001476294,-0.001468009,-0.001616881,-0.002083287,-0.002311381,-0.002856108,-0.003324191,-0.003763998,-0.003925099
11.1,-0.001390669,-0.001357175,-0.001167674,-0.001419565,-0.001432179,-0.001435795,-0.001606236,-0.002039904,-0.002254821,-0.002791276,-0.003248692,-0.003679536,-0.003830781
11.15,-0.001320602,-0.001290225,-0.001138849,-0.001430732,-0.001384882,-0.001408741,-0.001597109,-0.001995784,-0.002200208,-0.002730193,-0.003174472,-0.003597279,-0.003738629
11.2,-0.001252483,-0.001224967,-0.001120116,-0.0014373,-0.001335916,-0.001386571,-0.001588454,-0.00195114,-0.002147565,-0.002672835,-0.003101579,-0.003516794,-0.00364825
11.25,-0.001189529,-0.001165297,-0.001110491,-0.001437671,-0.001286807,-0.001368806,-0.001579293,-0.001906207,-0.002097008,-0.002619212,-0.003029595,-0.003437881,-0.003559736
11.3,-0.001134467,-0.001114609,-0.00110846,-0.001430818,-0.001238993,-0.001354813,-0.001568742,-0.001861241,-0.002048705,-0.00256901,-0.002959024,-0.003360083,-0.003472982
11.35,-0.00108935,-0.001075383,-0.001112166,-0.001416309,-0.001193762,-0.001343824,-0.001556025,-0.001816543,-0.002002762,-0.002521823,-0.002889895,-0.003283298,-0.003388051
11.4,-0.001055473,-0.001048956,-0.0011196,-0.001394254,-0.001152187,-0.00133506,-0.001540464,-0.001772329,-0.001959461,-0.002477076,-0.002822068,-0.003207391,-0.00330501
11.45,-0.001033312,-0.001035412,-0.001128746,-0.001365257,-0.001115128,-0.001327698,-0.001521567,-0.001728873,-0.001918826,-0.002434213,-0.00275586,-0.003132393,-0.00322391
11.5,-0.001022502,-0.001033669,-0.00113774,-0.001330331,-0.001083152,-0.001320978,-0.001499092,-0.001686374,-0.001881054,-0.002392573,-0.002691107,-0.003058255,-0.003144816
11.55,-0.001021914,-0.001041646,-0.001144996,-0.001290747,-0.001056577,-0.001314217,-0.001473073,-0.001645036,-0.001846199,-0.002351686,-0.002628003,-0.002985229,-0.003067896
11.6,-0.001029765,-0.001056566,-0.001149254,-0.00124795,-0.001035445,-0.001306806,-0.001443825,-0.001605005,-0.001814222,-0.002310932,-0.002566459,-0.002913175,-0.002993364
11.65,-0.001043738,-0.001075306,-0.001149644,-0.001203445,-0.001019551,-0.00129823,-0.001411869,-0.001566454,-0.001785036,-0.002269821,-0.002506543,-0.002842585,-0.002920617
11.7,-0.001061147,-0.001094783,-0.001145637,-0.001158693,-0.001008437,-0.001288051,-0.001377837,-0.00152955,-0.00175833,-0.002227943,-0.002448326,-0.002773467,-0.002850051
11.75,-0.001079189,-0.00111227,-0.001136982,-0.00111504,-0.001001438,-0.00127594,-0.001342439,-0.001494502,-0.001733769,-0.002185002,-0.002391796,-0.002705967,-0.002781739
11.8,-0.001095197,-0.001125519,-0.001123591,-0.001073656,-0.000997757,-0.001261641,-0.00130637,-0.001461557,-0.001710916,-0.00214109,-0.002336921,-0.002640264,-0.002715492
11.85,-0.00110685,-0.001132786,-0.001105512,-0.001035501,-0.000996525,-0.001245031,-0.001270273,-0.001430965,-0.001689281,-0.002096192,-0.002283651,-0.002576392,-0.002651344
11.9,-0.00111239,-0.001132767,-0.001082941,-0.001001308,-0.000996846,-0.001226101,-0.001234712,-0.001402945,-0.001668398,-0.002050622,-0.00223198,-0.002514362,-0.002589333
11.95,-0.001110688,-0.001124642,-0.001056266,-0.000971581,-0.000997871,-0.001204985,-0.001200134,-0.001377663,-0.00164777,-0.002004715,-0.002181861,-0.002454146,-0.002529135
12,-0.001101303,-0.001108147,-0.001026078,-0.000946571,-0.000998825,-0.001181905,-0.001166883,-0.001355184,-0.001626906,-0.001958827,-0.002133281,-0.002395721,-0.002471012
12.1,-0.001060563,-0.001052098,-0.000958317,-0.000910616,-0.00099797,-0.001131279,-0.001105298,-0.001318115,-0.001582789,-0.001868507,-0.002040678,-0.002284238,-0.002360167
12.2,-0.000996395,-0.000973641,-0.000886622,-0.000891263,-0.000990335,-0.001077347,-0.001051424,-0.001289372,-0.001533793,-0.001782063,-0.001954277,-0.002179219,-0.002256236
12.3,-0.000919248,-0.000886452,-0.000817928,-0.000884092,-0.000973802,-0.00102329,-0.001006897,-0.001265217,-0.001479916,-0.001700641,-0.001874046,-0.002080683,-0.002158652
12.4,-0.00084113,-0.000804625,-0.000758941,-0.000883646,-0.000948104,-0.000971631,-0.000973204,-0.001241483,-0.001422943,-0.001624811,-0.001800122,-0.001988466,-0.002066791
12.5,-0.00077278,-0.000739585,-0.000716055,-0.000884625,-0.000914632,-0.000924002,-0.000950309,-0.001214371,-0.001365291,-0.001554454,-0.00173235,-0.00190259,-0.001980552
12.6,-0.000721442,-0.000697929,-0.000693778,-0.000882594,-0.00087596,-0.000881291,-0.000935759,-0.001181432,-0.001309093,-0.001489176,-0.001670294,-0.001823528,-0.001899897
12.7,-0.000690202,-0.000680392,-0.000692465,-0.000874058,-0.000835105,-0.000844184,-0.000925479,-0.001142483,-0.001255818,-0.001428706,-0.001613224,-0.001751441,-0.00182474
12.8,-0.000678211,-0.000682519,-0.000707228,-0.000856622,-0.000794844,-0.000813419,-0.000915215,-0.001099212,-0.00120619,-0.001372981,-0.001560253,-0.001685676,-0.001754466
12.9,-0.000681104,-0.00069647,-0.000729376,-0.000829636,-0.000757234,-0.000789606,-0.000901177,-0.001054119,-0.00116039,-0.001321777,-0.001510608,-0.001625,-0.001688596
13,-0.000692018,-0.000712909,-0.000749886,-0.000794434,-0.000723512,-0.000772709,-0.000881204,-0.001009536,-0.001118188,-0.001274413,-0.001463465,-0.001567875,-0.001626425
13.1,-0.000703344,-0.000723187,-0.000761926,-0.000753804,-0.00069428,-0.000761617,-0.000855481,-0.000967083,-0.001079308,-0.001229941,-0.001418163,-0.001512809,-0.001567131
13.2,-0.000708697,-0.000721687,-0.000761022,-0.000711,-0.000670047,-0.000754293,-0.000825796,-0.000927704,-0.00104366,-0.001187492,-0.001374341,-0.001458783,-0.001510155
13.3,-0.000704342,-0.000706792,-0.000745811,-0.000668899,-0.000651385,-0.000748233,-0.000794446,-0.000891686,-0.001011458,-0.001146545,-0.001331955,-0.00140543,-0.001455034
13.4,-0.000689326,-0.000680156,-0.000718711,-0.000629528,-0.000638663,-0.00074085,-0.000763375,-0.000858913,-0.000982772,-0.001106914,-0.00129095,-0.001352982,-0.001401573
13.5,-0.000664644,-0.000645276,-0.000684521,-0.000594113,-0.000631563,-0.000729947,-0.000733875,-0.000829135,-0.000957053,-0.001068595,-0.001251445,-0.001301811,-0.001349785
13.6,-0.000632706,-0.000606202,-0.00064826,-0.000563493,-0.000628827,-0.000714416,-0.000706619,-0.000802318,-0.000933195,-0.00103161,-0.001213471,-0.001252313,-0.001299727
13.7,-0.000596888,-0.000566714,-0.0006138,-0.000538699,-0.000628455,-0.000694484,-0.000681824,-0.000778676,-0.000909898,-0.000995964,-0.001177062,-0.001204584,-0.001251349
13.8,-0.000560799,-0.000529857,-0.000583462,-0.000520875,-0.000628095,-0.000671335,-0.000659461,-0.000758321,-0.000886206,-0.000961635,-0.00114227,-0.001159106,-0.001205082
13.9,-0.000527565,-0.000497945,-0.000558487,-0.00051059,-0.000625321,-0.000646553,-0.000639491,-0.000740813,-0.000861745,-0.000928563,-0.001108806,-0.001116006,-0.001161072
14,-0.000499458,-0.000472603,-0.000539963,-0.000507049,-0.000618229,-0.000621619,-0.000621961,-0.000725227,-0.000836674,-0.000896751,-0.001076665,-0.001076353,-0.001120283
14.1,-0.000477427,-0.000454457,-0.000528999,-0.000508027,-0.000606076,-0.000597656,-0.000606866,-0.000710295,-0.000811436,-0.000866345,-0.001045748,-0.001037832,-0.001080701
14.2,-0.000461616,-0.000443429,-0.00052589,-0.000510564,-0.000589353,-0.000575327,-0.000593981,-0.000695017,-0.000786483,-0.00083719,-0.001017094,-0.001001587,-0.001043447
14.3,-0.000451355,-0.000438477,-0.000529138,-0.000511633,-0.000569361,-0.000554903,-0.000582745,-0.000678934,-0.000762128,-0.000809332,-0.000988496,-0.000967468,-0.001008368
14.4,-0.000447204,-0.00043781,-0.000535894,-0.000508584,-0.000547687,-0.000536391,-0.000572428,-0.000662064,-0.000738636,-0.000782792,-0.000961081,-0.000935243,-0.000975232
14.5,-0.000444634,-0.00044048,-0.000542843,-0.00049994,-0.00052575,-0.000519636,-0.00056238,-0.000644721,-0.000715885,-0.000758563,-0.000934751,-0.000907282,-0.000946317
14.6,-0.000443743,-0.000441391,-0.000546885,-0.000485837,-0.000504594,-0.000504489,-0.000552177,-0.000627268,-0.000693999,-0.000734545,-0.000909409,-0.00087824,-0.000916408
14.7,-0.000442835,-0.00044004,-0.000546559,-0.000467689,-0.00048483,-0.000491028,-0.000541656,-0.000610024,-0.000672991,-0.000711843,-0.000887483,-0.000850673,-0.000887867
14.8,-0.000440447,-0.000435279,-0.000539406,-0.00044738,-0.000466715,-0.000479657,-0.00053083,-0.0005932,-0.000653938,-0.000690378,-0.000863801,-0.000824491,-0.00086054
14.9,-0.000435618,-0.000426843,-0.000527216,-0.000427082,-0.000450254,-0.000470776,-0.000519825,-0.000576998,-0.000634638,-0.000670097,-0.000841069,-0.000799586,-0.000834349
15,-0.000430247,-0.000415193,-0.00051169,-0.000407187,-0.000435311,-0.000464382,-0.000508771,-0.000561295,-0.000616279,-0.000653338,-0.000819264,-0.000775794,-0.000809191
15.1,-0.000419361,-0.000403363,-0.000494612,-0.000388923,-0.000421832,-0.000459896,-0.000497796,-0.000546204,-0.000598839,-0.000634982,-0.000798448,-0.000754856,-0.00078692
15.2,-0.000406062,-0.000387944,-0.000477406,-0.000372599,-0.00040999,-0.000456326,-0.000486999,-0.000532794,-0.000582283,-0.000617603,-0.000778593,-0.000732716,-0.000763569
15.3,-0.000391214,-0.000372158,-0.000462624,-0.000358218,-0.000400398,-0.000452448,-0.000476507,-0.000518832,-0.000569159,-0.000601106,-0.000761562,-0.000711218,-0.00074102
15.4,-0.000375737,-0.000356723,-0.000447474,-0.000345609,-0.000393171,-0.000447222,-0.00046625,-0.000505501,-0.000554064,-0.000585325,-0.000743345,-0.000690422,-0.000719213
15.5,-0.000360426,-0.000342138,-0.000433859,-0.000335619,-0.000388326,-0.00044005,-0.000456358,-0.000492782,-0.000539722,-0.000570207,-0.000725739,-0.000670339,-0.000698128
15.6,-0.00034591,-0.000328688,-0.000421791,-0.000326317,-0.000385192,-0.000431019,-0.000446888,-0.000480648,-0.00052608,-0.000557487,-0.000708513,-0.000650917,-0.000677605
15.7,-0.000332613,-0.000316548,-0.000411264,-0.000319192,-0.00038269,-0.000420505,-0.00043882,-0.000471768,-0.000513041,-0.000543317,-0.000691497,-0.0006322,-0.000657759
15.8,-0.000321083,-0.000306129,-0.000402376,-0.000314559,-0.000379641,-0.000409209,-0.00043018,-0.000460518,-0.000500557,-0.000529612,-0.00067467,-0.000614215,-0.000638578
15.9,-0.000310899,-0.00029701,-0.000395263,-0.000312214,-0.000375467,-0.000397591,-0.000422037,-0.000449784,-0.000488532,-0.000516337,-0.000657928,-0.000596823,-0.000622651
16,-0.00030226,-0.000289643,-0.000390103,-0.000311433,-0.000368897,-0.000386106,-0.000414389,-0.000439454,-0.000478821,-0.000503472,-0.00064134,-0.000582683,-0.000604699
16.1,-0.000295006,-0.000284074,-0.000386045,-0.000311074,-0.000360671,-0.000375019,-0.000407235,-0.00042947,-0.000467514,-0.000490937,-0.000627658,-0.000566426,-0.000587227
16.2,-0.000288958,-0.000280106,-0.000382691,-0.000309997,-0.000351242,-0.000365418,-0.000402929,-0.000419627,-0.000456627,-0.000478785,-0.000611379,-0.000550792,-0.000570489
16.3,-0.000283867,-0.000277329,-0.000379256,-0.000307535,-0.000341179,-0.000355305,-0.000396495,-0.000410148,-0.000446061,-0.000466985,-0.000595543,-0.000535709,-0.000554153
16.4,-0.000279579,-0.000275206,-0.000375111,-0.000302836,-0.000331116,-0.000345767,-0.000390465,-0.000402873,-0.000435906,-0.000457921,-0.000579962,-0.000521155,-0.000538609
16.5,-0.00027602,-0.000273086,-0.000369832,-0.000296588,-0.000321403,-0.000336743,-0.000384779,-0.000393607,-0.000426136,-0.000446735,-0.000564888,-0.000507289,-0.000523492
16.6,-0.000272776,-0.000270468,-0.000363458,-0.000289221,-0.000312429,-0.0003282,-0.000379378,-0.000384465,-0.000416753,-0.000435951,-0.000550175,-0.000493863,-0.000508843
16.7,-0.000269359,-0.000267039,-0.000356065,-0.000281247,-0.000304857,-0.000322694,-0.000374192,-0.000375007,-0.000407505,-0.000425436,-0.000535864,-0.00048094,-0.000495129
16.8,-0.000265728,-0.000262642,-0.000348088,-0.000273257,-0.000297001,-0.000314816,-0.000368759,-0.000366122,-0.000400619,-0.000415366,-0.000521969,-0.000468747,-0.000481421
16.9,-0.000261446,-0.000257537,-0.000339618,-0.000265503,-0.000289825,-0.000307308,-0.000365889,-0.00035736,-0.000392318,-0.000405615,-0.000508442,-0.000456788,-0.000468361
17,-0.00025637,-0.000251868,-0.000331089,-0.000258155,-0.000283292,-0.000300217,-0.000360899,-0.00034871,-0.000384432,-0.000396262,-0.000495387,-0.000447168,-0.00045723
17.1,-0.000250567,-0.000245831,-0.00032252,-0.000252279,-0.000277359,-0.000293529,-0.000355964,-0.000340225,-0.000376937,-0.000386879,-0.000482596,-0.000435988,-0.000444998
17.2,-0.000244218,-0.000239621,-0.000314089,-0.000245916,-0.000274529,-0.000287565,-0.000351063,-0.00033296,-0.000369231,-0.000378155,-0.000472659,-0.000425152,-0.000433171
17.3,-0.000237646,-0.000233527,-0.00030585,-0.000239951,-0.000269456,-0.000282213,-0.000346192,-0.000324073,-0.000362565,-0.000369679,-0.000460443,-0.000414691,-0.000422055
17.4,-0.000230866,-0.000227474,-0.000298948,-0.000234462,-0.000264899,-0.000279416,-0.000341356,-0.000316051,-0.000356208,-0.000361625,-0.000448364,-0.000404708,-0.000411141
17.5,-0.000224198,-0.000221651,-0.000291169,-0.000229417,-0.000260867,-0.000274582,-0.000336584,-0.000308263,-0.000350186,-0.000356329,-0.000436826,-0.000395009,-0.000400533
17.6,-0.000217757,-0.0002172,-0.000283715,-0.000227368,-0.000257573,-0.000269665,-0.000331368,-0.000300653,-0.000344423,-0.000347899,-0.000425636,-0.0003857,-0.000390273
17.7,-0.000212707,-0.00021186,-0.0002766,-0.000222868,-0.000254885,-0.000264485,-0.000327412,-0.000293282,-0.000339008,-0.000340424,-0.000414694,-0.000376628,-0.000380383
17.8,-0.000206852,-0.000206877,-0.00026986,-0.000218729,-0.000255037,-0.000258939,-0.000322866,-0.00028609,-0.000333045,-0.000333126,-0.000404132,-0.000367902,-0.000370872
17.9,-0.000201397,-0.00020224,-0.000266184,-0.000215046,-0.000253256,-0.000253115,-0.000318456,-0.000279141,-0.000330253,-0.000326015,-0.000393248,-0.00035952,-0.000361629
18,-0.000196362,-0.000197973,-0.000260027,-0.000211831,-0.000251611,-0.000247091,-0.000314151,-0.000272383,-0.000325449,-0.000319063,-0.000383257,-0.000351536,-0.000352601
18.1,-0.000191725,-0.000196757,-0.000254255,-0.000209027,-0.000249851,-0.000240965,-0.00030995,-0.000265054,-0.000320858,-0.0003123,-0.000373495,-0.000343712,-0.000343978
18.2,-0.000190067,-0.000193056,-0.000248846,-0.000208706,-0.000247826,-0.000235357,-0.000305869,-0.000258793,-0.000316471,-0.000305146,-0.000363955,-0.000336298,-0.00033558
18.3,-0.000185942,-0.00018979,-0.000243705,-0.000206134,-0.000245516,-0.000229313,-0.000301936,-0.000253797,-0.000312231,-0.000298745,-0.000354654,-0.000329075,-0.000327494
18.4,-0.000182125,-0.000186945,-0.000238737,-0.000203468,-0.000242958,-0.000223419,-0.000298053,-0.000247785,-0.00030821,-0.000292481,-0.000345506,-0.000322144,-0.000319716
18.5,-0.000178576,-0.000184476,-0.000233847,-0.000200595,-0.000240259,-0.000217679,-0.000294113,-0.000241941,-0.000303551,-0.000286369,-0.000336418,-0.000315578,-0.000312152
18.6,-0.000175265,-0.000182292,-0.000231043,-0.000197473,-0.000237543,-0.000212123,-0.000290508,-0.000236254,-0.000299889,-0.000280405,-0.000327839,-0.000309114,-0.000304826
18.7,-0.00017219,-0.000180271,-0.000225981,-0.000194127,-0.000235326,-0.00020676,-0.000286909,-0.000230749,-0.000296341,-0.000274508,-0.000319828,-0.00030275,-0.000297738
18.8,-0.00016934,-0.000180375,-0.000220862,-0.00019062,-0.000232704,-0.000201601,-0.000283694,-0.000225445,-0.000292904,-0.00026879,-0.000311593,-0.000296717,-0.000290763
18.9,-0.000168698,-0.000178212,-0.000215678,-0.000187008,-0.000230198,-0.000196642,-0.000280221,-0.000220227,-0.000289606,-0.000263518,-0.000303549,-0.000290858,-0.000284109
19,-0.000165966,-0.000175947,-0.000210448,-0.000183365,-0.00022782,-0.000191873,-0.000276804,-0.000214842,-0.000286408,-0.000258073,-0.000295677,-0.000285189,-0.000277647
19.1,-0.000163212,-0.000173561,-0.000205184,-0.00018023,-0.000225584,-0.0001873,-0.000273446,-0.000209959,-0.000283304,-0.000252793,-0.000288026,-0.000279702,-0.000271374
19.2,-0.000160347,-0.000171053,-0.000199906,-0.000176617,-0.000223491,-0.000182897,-0.000270123,-0.0002052,-0.000280284,-0.000247649,-0.000280512,-0.000274375,-0.00026528
19.3,-0.000157335,-0.000168454,-0.000194644,-0.000173074,-0.00022153,-0.000178637,-0.000266889,-0.000200564,-0.000277884,-0.000242645,-0.000273171,-0.000269209,-0.000259313
19.4,-0.000154179,-0.000165792,-0.000189926,-0.000169622,-0.000219703,-0.00017455,-0.000263642,-0.000196084,-0.000274804,-0.000237776,-0.000266088,-0.000264188,-0.000253509
19.5,-0.000150906,-0.000163112,-0.00018475,-0.000166275,-0.000218001,-0.000170599,-0.000260428,-0.000191707,-0.000272021,-0.000232998,-0.000259144,-0.000259233,-0.000247725
19.6,-0.000147586,-0.000160926,-0.000179673,-0.000163042,-0.0002164,-0.00016677,-0.000257257,-0.000187445,-0.000269295,-0.000228372,-0.000252424,-0.00025451,-0.000242225
19.7,-0.00014476,-0.000158248,-0.000174714,-0.000159925,-0.000214902,-0.000163062,-0.000254094,-0.000183578,-0.000266618,-0.000223806,-0.000245865,-0.000249932,-0.000236871
19.8,-0.000141464,-0.000155633,-0.000169888,-0.000156922,-0.00021347,-0.000159469,-0.000250966,-0.000179542,-0.000263987,-0.000219387,-0.000239486,-0.000245486,-0.000231654
19.9,-0.000138251,-0.000153101,-0.000165204,-0.000154024,-0.000212098,-0.000155983,-0.000247899,-0.000175622,-0.000261393,-0.000215139,-0.000233273,-0.000241174,-0.000226582
20,-0.000135141,-0.00015067,-0.000160664,-0.00015123,-0.000210772,-0.000152599,-0.000244821,-0.00017181,-0.000258828,-0.000210934,-0.000227224,-0.000236993,-0.000221644